brand,model,year,vehicle_age,price,transmission,mileage,fuel_type,tax,mpg,engine_size,source_file
Audi,A1,2015,9,9500,Automatic,54754,Diesel,0,76.3,1.6,audi.csv
Audi,A4,2016,8,12750,Manual,52561,Diesel,0,74.3,2.0,audi.csv
Audi,A3,2016,8,10200,Manual,66369,Diesel,0,83.1,1.6,audi.csv
Audi,A1,2013,11,7000,Manual,76269,Diesel,0,74.3,1.6,audi.csv
Audi,A3,2016,8,11300,Manual,25626,Diesel,0,74.3,1.6,audi.csv
Audi,A1,2016,8,10600,Manual,15567,Diesel,0,76.3,1.6,audi.csv
Audi,A1,2016,8,9800,Manual,36462,Diesel,0,76.3,1.6,audi.csv
Audi,A1,2017,7,12700,Manual,27179,Diesel,0,76.3,1.6,audi.csv
Audi,A4,2016,8,11750,Manual,72026,Diesel,0,74.3,2.0,audi.csv
Audi,A3,2013,11,8300,Manual,98940,Diesel,0,74.3,1.6,audi.csv
Audi,A3,2016,8,11998,Manual,24468,Diesel,0,74.3,1.6,audi.csv
Audi,A1,2014,10,11995,Manual,24764,Diesel,0,74.3,1.6,audi.csv
Audi,A3,2016,8,13995,Manual,40030,Diesel,0,83.1,1.6,audi.csv
Audi,A1,2016,8,10995,Manual,45644,Diesel,0,80.7,1.6,audi.csv
Audi,A4,2016,8,13998,Manual,37478,Diesel,0,74.3,2.0,audi.csv
Audi,A3,2015,9,10385,Manual,68428,Diesel,0,83.1,1.6,audi.csv
Audi,A4,2016,8,11500,Manual,56235,Diesel,0,74.3,2.0,audi.csv
Audi,A4,2016,8,13995,Manual,41279,Diesel,0,74.3,2.0,audi.csv
Audi,A1,2017,7,11495,Manual,24857,Diesel,0,76.3,1.6,audi.csv
Audi,A4,2017,7,14849,Manual,58670,Diesel,0,74.3,2.0,audi.csv
Audi,A4,2016,8,15495,Manual,32811,Diesel,0,74.3,2.0,audi.csv
Audi,A1,2015,9,9995,Manual,19603,Diesel,0,80.7,1.6,audi.csv
Audi,A4,2016,8,14998,Manual,30498,Diesel,0,74.3,2.0,audi.csv
Audi,A4,2016,8,13998,Manual,38405,Diesel,0,74.3,2.0,audi.csv
Audi,A4,2016,8,12498,Manual,78269,Diesel,0,74.3,2.0,audi.csv
Audi,A4,2016,8,15256,Manual,25214,Diesel,0,74.3,2.0,audi.csv
Audi,A4,2015,9,13351,Manual,39652,Diesel,0,74.3,2.0,audi.csv
Audi,A4,2016,8,15596,Manual,16666,Diesel,0,74.3,2.0,audi.csv
Audi,A4,2017,7,13298,Manual,57464,Diesel,0,74.3,2.0,audi.csv
Audi,A1,2016,8,9619,Manual,58952,Diesel,0,76.3,1.6,audi.csv
Audi,A4,2016,8,11698,Manual,72981,Diesel,0,74.3,2.0,audi.csv
Audi,A1,2014,10,7956,Manual,47000,Diesel,0,74.3,1.6,audi.csv
Audi,A3,2017,7,12498,Manual,37882,Diesel,0,74.3,1.6,audi.csv
Audi,A4,2017,7,14295,Manual,53000,Diesel,0,74.3,2.0,audi.csv
Audi,A1,2015,9,9798,Manual,29554,Diesel,0,80.7,1.6,audi.csv
Audi,A4,2016,8,14995,Manual,41100,Diesel,0,74.3,2.0,audi.csv
Audi,A1,2015,9,9298,Manual,43440,Diesel,0,80.7,1.6,audi.csv
Audi,A3,2015,9,9391,Manual,73567,Diesel,0,83.1,1.6,audi.csv
Audi,A4,2016,8,11998,Manual,77976,Diesel,0,74.3,2.0,audi.csv
Audi,A4,2016,8,14998,Manual,32379,Diesel,0,74.3,2.0,audi.csv
Audi,A4,2017,7,12898,Manual,72816,Diesel,0,74.3,2.0,audi.csv
Audi,A1,2016,8,9578,Manual,42391,Diesel,0,76.3,1.6,audi.csv
Audi,A3,2016,8,11998,Manual,31952,Diesel,0,83.1,1.6,audi.csv
Audi,A1,2016,8,9498,Manual,48889,Diesel,0,76.3,1.6,audi.csv
Audi,A4,2016,8,14995,Manual,30578,Diesel,0,74.3,2.0,audi.csv
Audi,A1,2015,9,10598,Manual,26300,Diesel,0,80.7,1.6,audi.csv
Audi,A3,2016,8,10498,Manual,68294,Diesel,0,74.3,1.6,audi.csv
Audi,A3,2016,8,10298,Manual,67959,Diesel,0,74.3,1.6,audi.csv
Audi,A4,2016,8,13998,Semi-Auto,47791,Diesel,0,72.4,2.0,audi.csv
Audi,A1,2016,8,9895,Manual,75189,Diesel,0,80.7,1.6,audi.csv
Audi,A3,2017,7,11995,Manual,68643,Diesel,0,74.3,1.6,audi.csv
Audi,A3,2015,9,9595,Manual,71335,Diesel,0,74.3,1.6,audi.csv
Audi,A1,2016,8,10395,Manual,53440,Diesel,0,80.7,1.6,audi.csv
Audi,A1,2016,8,10495,Manual,45954,Diesel,0,80.7,1.6,audi.csv
Audi,A4,2017,7,14995,Semi-Auto,41000,Diesel,0,72.4,2.0,audi.csv
Audi,A1,2017,7,11795,Manual,27444,Diesel,0,76.3,1.6,audi.csv
Audi,A3,2015,9,9695,Manual,59200,Diesel,0,74.3,1.6,audi.csv
Audi,A3,2016,8,11790,Manual,29813,Diesel,0,74.3,1.6,audi.csv
Audi,A4,2016,8,14295,Semi-Auto,33319,Diesel,0,72.4,2.0,audi.csv
Audi,A1,2015,9,10716,Manual,34616,Diesel,0,80.7,1.6,audi.csv
Audi,A3,2016,8,16950,Manual,67000,Diesel,0,74.3,1.6,audi.csv
Audi,A3,2015,9,9998,Manual,27890,Diesel,0,74.3,1.6,audi.csv
Audi,A1,2015,9,11998,Semi-Auto,12277,Diesel,0,76.3,1.6,audi.csv
Audi,A1,2015,9,9399,Manual,51445,Diesel,0,80.7,1.6,audi.csv
Audi,A4,2016,8,12270,Manual,55885,Diesel,0,74.3,2.0,audi.csv
Audi,A4,2016,8,14798,Manual,32879,Diesel,0,74.3,2.0,audi.csv
Audi,A3,2014,10,8280,Manual,81457,Diesel,0,74.3,1.6,audi.csv
Audi,A1,2016,8,9250,Manual,61306,Diesel,0,80.7,1.6,audi.csv
Audi,A1,2015,9,8000,Manual,92760,Diesel,0,80.7,1.6,audi.csv
Audi,A4,2016,8,11000,Semi-Auto,73722,Diesel,0,72.4,2.0,audi.csv
Audi,A3,2016,8,8600,Manual,90818,Diesel,0,83.1,1.6,audi.csv
Audi,A1,2015,9,8390,Manual,54000,Diesel,0,80.7,1.6,audi.csv
Audi,A3,2015,9,8950,Manual,62710,Diesel,0,74.3,1.6,audi.csv
Audi,A4,2016,8,16000,Manual,29112,Diesel,0,74.3,2.0,audi.csv
Audi,A3,2016,8,11495,Manual,21000,Diesel,0,74.3,1.6,audi.csv
Audi,A1,2015,9,11295,Manual,44500,Diesel,0,80.7,1.6,audi.csv
Audi,A3,2014,10,8895,Manual,50262,Diesel,0,74.3,1.6,audi.csv
Audi,A1,2014,10,7951,Manual,53291,Diesel,0,74.3,1.6,audi.csv
Audi,A1,2017,7,10995,Manual,45000,Diesel,0,76.3,1.6,audi.csv
Audi,A1,2015,9,12400,Manual,18200,Diesel,0,80.7,1.6,audi.csv
Audi,A1,2015,9,10800,Manual,55369,Diesel,0,80.7,1.6,audi.csv
Audi,A1,2016,8,10765,Manual,38731,Diesel,0,76.3,1.6,audi.csv
Audi,A1,2017,7,10465,Manual,44330,Diesel,0,76.3,1.6,audi.csv
Audi,A1,2015,9,10800,Manual,55600,Diesel,0,80.7,1.6,audi.csv
Audi,A4,2016,8,16600,Manual,29112,Diesel,0,74.3,2.0,audi.csv
Audi,A1,2015,9,10980,Manual,40222,Diesel,0,80.7,1.6,audi.csv
Audi,A3,2015,9,9298,Manual,76623,Diesel,0,83.1,1.6,audi.csv
Audi,A4,2017,7,16320,Manual,33083,Diesel,0,74.3,2.0,audi.csv
Audi,A1,2016,8,9499,Manual,29793,Diesel,0,80.7,1.6,audi.csv
Audi,A1,2015,9,9415,Manual,32637,Diesel,0,80.7,1.6,audi.csv
Audi,A1,2013,11,6800,Manual,62023,Diesel,0,74.3,1.6,audi.csv
Audi,A3,2016,8,11100,Manual,36151,Diesel,0,74.3,1.6,audi.csv
Audi,A3,2014,10,8695,Manual,55000,Diesel,0,74.3,1.6,audi.csv
Audi,A3,2017,7,10498,Manual,74501,Diesel,0,74.3,1.6,audi.csv
Audi,A1,2017,7,11995,Manual,19924,Diesel,0,76.3,1.6,audi.csv
Audi,A4,2016,8,12816,Semi-Auto,57819,Diesel,0,72.4,2.0,audi.csv
Audi,A1,2016,8,10191,Manual,27878,Diesel,0,76.3,1.6,audi.csv
Audi,A3,2015,9,9442,Manual,69431,Diesel,0,74.3,1.6,audi.csv
Audi,A1,2015,9,10490,Manual,55201,Diesel,0,80.7,1.6,audi.csv
Audi,A4,2016,8,17495,Automatic,21132,Diesel,0,72.4,2.0,audi.csv
Audi,A3,2015,9,12495,Manual,20258,Diesel,0,83.1,1.6,audi.csv
Audi,A1,2015,9,11995,Manual,39854,Diesel,0,80.7,1.6,audi.csv
Audi,A1,2013,11,8995,Manual,68000,Diesel,0,74.3,1.6,audi.csv
Audi,A4,2015,9,11120,Manual,69130,Diesel,0,74.3,2.0,audi.csv
Audi,A4,2016,8,13110,Semi-Auto,51124,Diesel,0,72.4,2.0,audi.csv
Audi,A1,2015,9,11800,Manual,20518,Diesel,0,80.7,1.6,audi.csv
Audi,A4,2016,8,15082,Automatic,29273,Diesel,0,72.4,2.0,audi.csv
Audi,A1,2016,8,10990,Manual,17679,Diesel,0,76.3,1.6,audi.csv
Audi,A1,2015,9,9000,Manual,54566,Diesel,0,80.7,1.6,audi.csv
Audi,A3,2015,9,12995,Manual,20411,Diesel,0,74.3,1.6,audi.csv
Audi,A1,2016,8,11950,Manual,34539,Diesel,0,76.3,1.6,audi.csv
Audi,A1,2017,7,12100,Manual,28200,Diesel,0,76.3,1.6,audi.csv
Audi,A1,2015,9,10330,Manual,30042,Diesel,0,80.7,1.6,audi.csv
Audi,A1,2016,8,9995,Manual,42011,Diesel,0,76.3,1.6,audi.csv
Audi,A1,2016,8,9995,Manual,35076,Diesel,0,76.3,1.6,audi.csv
Audi,A1,2016,8,10020,Manual,36843,Diesel,0,76.3,1.6,audi.csv
Audi,A4,2016,8,15499,Automatic,43309,Diesel,0,72.4,2.0,audi.csv
Audi,A1,2015,9,10495,Manual,34190,Diesel,0,80.7,1.6,audi.csv
Audi,A4,2016,8,14998,Semi-Auto,44603,Diesel,0,72.4,2.0,audi.csv
Audi,A1,2013,11,9755,Manual,44374,Diesel,0,74.3,1.6,audi.csv
Audi,A1,2016,8,10790,Manual,19360,Diesel,0,76.3,1.6,audi.csv
Audi,A3,2015,9,11495,Manual,34468,Diesel,0,74.3,1.6,audi.csv
Audi,A4,2016,8,13695,Semi-Auto,40491,Diesel,0,72.4,2.0,audi.csv
Audi,A3,2017,7,12495,Semi-Auto,40307,Diesel,0,74.3,1.6,audi.csv
Audi,A1,2015,9,11491,Manual,42157,Diesel,0,80.7,1.6,audi.csv
Audi,A3,2016,8,9800,Manual,67537,Diesel,0,74.3,1.6,audi.csv
Audi,A3,2016,8,11798,Manual,30864,Diesel,0,83.1,1.6,audi.csv
Audi,A3,2016,8,11498,Manual,28403,Diesel,0,83.1,1.6,audi.csv
Audi,A3,2017,7,12560,Manual,23450,Diesel,0,74.3,1.6,audi.csv
Audi,A3,2013,11,6998,Manual,89831,Diesel,0,74.3,1.6,audi.csv
Audi,A3,2016,8,10295,Manual,55905,Diesel,0,83.1,1.6,audi.csv
Audi,A1,2016,8,10998,Manual,34507,Diesel,0,76.3,1.6,audi.csv
Audi,A3,2017,7,11999,Semi-Auto,59000,Diesel,0,74.3,1.6,audi.csv
Audi,A1,2015,9,9500,Manual,56000,Diesel,0,80.7,1.6,audi.csv
Audi,A4,2016,8,13500,Manual,54000,Diesel,0,74.3,2.0,audi.csv
Audi,A3,2016,8,11500,Manual,27427,Diesel,0,83.1,1.6,audi.csv
Audi,A4,2016,8,13725,Manual,48891,Diesel,0,74.3,2.0,audi.csv
Audi,A1,2013,11,8354,Manual,57465,Diesel,0,74.3,1.6,audi.csv
Audi,A4,2016,8,11790,Semi-Auto,68441,Diesel,0,72.4,2.0,audi.csv
Audi,A1,2016,8,11210,Manual,29050,Diesel,0,76.3,1.6,audi.csv
Audi,A3,2014,10,7690,Manual,77430,Diesel,0,74.3,1.6,audi.csv
Audi,A1,2014,10,6795,Manual,72677,Diesel,0,74.3,1.6,audi.csv
Audi,A1,2015,9,11999,Manual,29704,Diesel,0,80.7,1.6,audi.csv
Audi,A1,2015,9,10000,Manual,40365,Diesel,0,80.7,1.6,audi.csv
Audi,A1,2016,8,13500,Manual,21263,Diesel,0,80.7,1.6,audi.csv
Audi,A3,2015,9,10920,Manual,34500,Diesel,0,83.1,1.6,audi.csv
Audi,A1,2014,10,10995,Manual,51808,Diesel,0,74.3,1.6,audi.csv
Audi,A1,2013,11,8495,Manual,41762,Diesel,0,74.3,1.6,audi.csv
Audi,A3,2015,9,12995,Manual,49825,Diesel,0,74.3,1.6,audi.csv
Audi,A1,2014,10,9990,Manual,70654,Diesel,0,74.3,1.6,audi.csv
Audi,A4,2016,8,16490,Manual,26898,Diesel,0,74.3,2.0,audi.csv
Audi,A1,2016,8,12300,Semi-Auto,44290,Diesel,0,76.3,1.6,audi.csv
Audi,A4,2015,9,13750,Semi-Auto,46877,Diesel,0,72.4,2.0,audi.csv
Audi,A3,2016,8,10130,Manual,61130,Diesel,0,74.3,1.6,audi.csv
Audi,A1,2017,7,12490,Manual,10481,Diesel,0,76.3,1.6,audi.csv
Audi,A1,2017,7,11990,Manual,26994,Diesel,0,76.3,1.6,audi.csv
Audi,A1,2016,8,12831,Manual,29891,Diesel,0,76.3,1.6,audi.csv
Audi,A3,2017,7,11600,Manual,40795,Diesel,0,74.3,1.6,audi.csv
Audi,Q7,2016,8,37999,Automatic,36461,Diesel,0,156.9,3.0,audi.csv
Audi,A1,2016,8,10250,Manual,47776,Diesel,0,76.3,1.6,audi.csv
Audi,A4,2015,9,12450,Automatic,54549,Diesel,0,72.4,2.0,audi.csv
Audi,A1,2015,9,9450,Manual,62500,Diesel,0,80.7,1.6,audi.csv
Audi,Q7,2016,8,34999,Semi-Auto,36461,Diesel,0,156.9,3.0,audi.csv
Audi,A4,2016,8,14250,Manual,35080,Diesel,0,74.3,2.0,audi.csv
Audi,A4,2017,7,19495,Manual,14417,Diesel,0,74.3,2.0,audi.csv
Audi,A3,2016,8,12400,Manual,36149,Diesel,0,74.3,1.6,audi.csv
Audi,A1,2016,8,12650,Manual,32137,Diesel,0,80.7,1.6,audi.csv
Audi,A1,2017,7,9790,Manual,50095,Diesel,0,76.3,1.6,audi.csv
Audi,A4,2017,7,14199,Manual,59300,Diesel,0,74.3,2.0,audi.csv
Audi,A1,2016,8,10999,Manual,30000,Diesel,0,76.3,1.6,audi.csv
Audi,A1,2017,7,14990,Manual,25417,Diesel,0,76.3,1.6,audi.csv
Audi,A3,2014,10,11995,Manual,46887,Diesel,0,74.3,1.6,audi.csv
Audi,A1,2015,9,10890,Manual,32500,Diesel,0,80.7,1.6,audi.csv
Audi,A1,2015,9,12990,Manual,14333,Diesel,0,80.7,1.6,audi.csv
Audi,A3,2014,10,12490,Manual,42000,Diesel,0,74.3,1.6,audi.csv
Audi,A3,2016,8,11950,Manual,41502,Diesel,0,74.3,1.6,audi.csv
Audi,A4,2016,8,14444,Automatic,28325,Diesel,0,72.4,2.0,audi.csv
Audi,A3,2016,8,8490,Manual,95856,Diesel,0,83.1,1.6,audi.csv
Audi,A3,2016,8,11477,Manual,28000,Diesel,0,83.1,1.6,audi.csv
Audi,A1,2015,9,11000,Manual,45551,Diesel,0,80.7,1.6,audi.csv
Audi,A1,2015,9,10490,Manual,42347,Diesel,0,74.3,1.6,audi.csv
Audi,A3,2016,8,10495,Manual,59800,Diesel,0,74.3,1.6,audi.csv
Audi,A3,2015,9,10500,Manual,27426,Diesel,0,74.3,1.6,audi.csv
Audi,A1,2016,8,11000,Manual,39151,Diesel,0,76.3,1.6,audi.csv
Audi,A1,2013,11,8990,Manual,70000,Diesel,0,74.3,1.6,audi.csv
Audi,A4,2016,8,11490,Automatic,54000,Diesel,0,72.4,2.0,audi.csv
Audi,A4,2016,8,12990,Manual,45000,Diesel,0,74.3,2.0,audi.csv
Audi,A1,2015,9,7490,Manual,37000,Diesel,0,80.7,1.6,audi.csv
Audi,A1,2014,10,5990,Manual,78000,Diesel,0,74.3,1.6,audi.csv
Audi,A4,2016,8,13490,Manual,49000,Diesel,0,74.3,2.0,audi.csv
Audi,A1,2012,12,5990,Manual,80000,Diesel,0,74.3,1.6,audi.csv
Audi,A1,2015,9,9990,Manual,38000,Diesel,0,80.7,1.6,audi.csv
Audi,A1,2016,8,8490,Manual,29000,Diesel,0,76.3,1.6,audi.csv
Audi,A3,2014,10,7490,Manual,44000,Diesel,0,74.3,1.6,audi.csv
Audi,A1,2013,11,6490,Manual,69000,Diesel,0,74.3,1.6,audi.csv
Audi,A3,2016,8,10399,Manual,67277,Diesel,0,74.3,1.6,audi.csv
Audi,A1,2016,8,9799,Manual,56637,Diesel,0,76.3,1.6,audi.csv
Audi,A3,2015,9,8990,Manual,49000,Diesel,0,83.1,1.6,audi.csv
Audi,A3,2015,9,10990,Manual,37000,Diesel,0,74.3,1.6,audi.csv
Audi,A1,2017,7,11842,Manual,41427,Diesel,0,76.3,1.6,audi.csv
Audi,A1,2015,9,10299,Manual,31239,Diesel,0,80.7,1.6,audi.csv
Audi,A1,2015,9,7990,Manual,31000,Diesel,0,80.7,1.6,audi.csv
Audi,A4,2016,8,16499,Manual,28669,Diesel,0,74.3,2.0,audi.csv
Audi,A3,2015,9,10800,Manual,52146,Diesel,0,83.1,1.6,audi.csv
Audi,A1,2015,9,12000,Manual,35441,Diesel,0,80.7,1.6,audi.csv
Audi,A3,2014,10,8244,Manual,86092,Diesel,0,74.3,1.6,audi.csv
Audi,A3,2014,10,8499,Manual,32379,Diesel,0,74.3,1.6,audi.csv
Audi,A4,2016,8,14399,Manual,40169,Diesel,0,72.4,2.0,audi.csv
Audi,A1,2012,12,7175,Manual,65627,Diesel,0,74.3,1.6,audi.csv
Audi,A1,2013,11,9261,Manual,43157,Diesel,0,74.3,1.6,audi.csv
Audi,A3,2015,9,11530,Manual,28255,Diesel,0,83.1,1.6,audi.csv
Audi,A1,2015,9,10899,Manual,21131,Diesel,0,80.7,1.6,audi.csv
Audi,A4,2016,8,14195,Manual,44703,Diesel,0,74.3,2.0,audi.csv
Audi,A1,2012,12,6790,Manual,64446,Diesel,0,74.3,1.6,audi.csv
Audi,A4,2016,8,13699,Automatic,45188,Diesel,0,72.4,2.0,audi.csv
Audi,A1,2015,9,9999,Manual,23758,Diesel,0,80.7,1.6,audi.csv
Audi,A1,2015,9,9470,Manual,31478,Diesel,0,80.7,1.6,audi.csv
Audi,A1,2015,9,8990,Manual,40011,Diesel,0,80.7,1.6,audi.csv
Audi,A3,2015,9,7793,Manual,101000,Diesel,0,74.3,1.6,audi.csv
Audi,A4,2015,9,9390,Manual,90000,Diesel,0,74.3,2.0,audi.csv
Audi,A3,2016,8,7791,Manual,122000,Diesel,0,74.3,1.6,audi.csv
Audi,A3,2015,9,6793,Manual,123000,Diesel,0,83.1,1.6,audi.csv
Audi,A4,2016,8,10393,Manual,100000,Diesel,0,74.3,2.0,audi.csv
Audi,A3,2016,8,11000,Manual,37235,Diesel,0,74.3,1.6,audi.csv
Audi,A3,2016,8,11999,Automatic,41085,Diesel,0,74.3,1.6,audi.csv
Audi,A3,2015,9,6793,Manual,130000,Diesel,0,74.3,1.6,audi.csv
Audi,A3,2016,8,7791,Manual,122000,Diesel,0,74.3,1.6,audi.csv
Audi,A3,2015,9,6793,Manual,123000,Diesel,0,83.1,1.6,audi.csv
Audi,A1,2015,9,11786,Manual,21769,Diesel,0,80.7,1.6,audi.csv
Audi,A3,2013,11,9312,Manual,63986,Diesel,0,74.3,1.6,audi.csv
Audi,A4,2016,8,13799,Manual,32073,Diesel,0,74.3,2.0,audi.csv
Audi,A4,2016,8,10923,Manual,87754,Diesel,0,74.3,2.0,audi.csv
Audi,A3,2016,8,9699,Manual,84049,Diesel,0,74.3,1.6,audi.csv
Audi,A3,2014,10,12239,Manual,48030,Diesel,0,74.3,1.6,audi.csv
Audi,A3,2015,9,10249,Manual,54735,Diesel,0,83.1,1.6,audi.csv
Audi,A3,2015,9,9999,Manual,41843,Diesel,0,83.1,1.6,audi.csv
Audi,A3,2015,9,8599,Manual,74209,Diesel,0,74.3,1.6,audi.csv
Audi,A1,2016,8,10159,Manual,31461,Diesel,0,76.3,1.6,audi.csv
Audi,A1,2016,8,9249,Manual,65436,Diesel,0,76.3,1.6,audi.csv
Audi,A1,2016,8,10726,Manual,24755,Diesel,0,76.3,1.6,audi.csv
Audi,A1,2016,8,11447,Manual,25818,Diesel,0,76.3,1.6,audi.csv
Audi,A4,2016,8,13476,Automatic,48764,Diesel,0,72.4,2.0,audi.csv
Audi,A1,2017,7,9999,Manual,29155,Diesel,0,76.3,1.6,audi.csv
Audi,A1,2015,9,9999,Manual,37759,Diesel,0,80.7,1.6,audi.csv
Audi,A3,2016,8,9999,Manual,33534,Diesel,0,83.1,1.6,audi.csv
Audi,A3,2013,11,7299,Manual,59447,Diesel,0,74.3,1.6,audi.csv
Audi,A1,2015,9,11655,Automatic,39207,Diesel,0,76.3,1.6,audi.csv
Audi,A3,2013,11,8799,Manual,55856,Diesel,0,74.3,1.6,audi.csv
Audi,A3,2017,7,12799,Manual,27385,Diesel,0,74.3,1.6,audi.csv
Audi,A1,2016,8,8500,Manual,75869,Diesel,0,80.7,1.6,audi.csv
Audi,A3,2014,10,7599,Manual,50416,Diesel,0,74.3,1.6,audi.csv
Audi,A1,2013,11,6299,Manual,80814,Diesel,0,74.3,1.6,audi.csv
Audi,A1,2015,9,10000,Manual,36196,Diesel,0,80.7,1.6,audi.csv
Audi,A4,2015,9,9500,Automatic,100860,Diesel,0,72.4,2.0,audi.csv
Audi,A3,2015,9,9000,Manual,61220,Diesel,0,83.1,1.6,audi.csv
Audi,A1,2016,8,8295,Manual,88340,Diesel,0,76.3,1.6,audi.csv
Audi,A1,2016,8,13450,Manual,22652,Diesel,0,72.4,1.6,audi.csv
Audi,A3,2016,8,11200,Semi-Auto,66680,Diesel,0,74.3,1.6,audi.csv
Audi,A1,2017,7,10450,Manual,40652,Diesel,0,76.3,1.6,audi.csv
Audi,A3,2016,8,11600,Manual,21764,Diesel,0,83.1,1.6,audi.csv
Audi,A1,2015,9,11000,Manual,25621,Diesel,0,80.7,1.6,audi.csv
Audi,A3,2017,7,10400,Manual,55000,Diesel,0,74.3,1.6,audi.csv
Audi,A1,2016,8,11300,Manual,12650,Diesel,0,76.3,1.6,audi.csv
Audi,A3,2015,9,9800,Manual,40573,Diesel,0,74.3,1.6,audi.csv
Audi,A1,2016,8,10995,Manual,36120,Diesel,0,76.3,1.6,audi.csv
Audi,A1,2015,9,12800,Automatic,34076,Diesel,0,76.3,1.6,audi.csv
Audi,A1,2015,9,8099,Manual,67830,Diesel,0,80.7,1.6,audi.csv
Audi,A1,2016,8,11000,Automatic,33035,Diesel,0,74.3,1.6,audi.csv
Audi,A1,2017,7,11300,Manual,21713,Diesel,0,76.3,1.6,audi.csv
Audi,A3,2014,10,9395,Manual,48000,Diesel,0,74.3,1.6,audi.csv
Audi,A1,2015,9,9500,Manual,44821,Diesel,0,80.7,1.6,audi.csv
Audi,A1,2017,7,10175,Manual,38176,Diesel,0,76.3,1.6,audi.csv
Audi,A1,2012,12,7714,Manual,43133,Diesel,0,74.3,1.6,audi.csv
Audi,A1,2013,11,6485,Manual,65000,Diesel,0,74.3,1.6,audi.csv
Audi,A4,2016,8,15000,Manual,40187,Diesel,0,74.3,2.0,audi.csv
Audi,A1,2016,8,11399,Manual,17608,Diesel,0,76.3,1.6,audi.csv
Audi,A1,2015,9,8751,Manual,57397,Diesel,0,80.7,1.6,audi.csv
Audi,A1,2015,9,10199,Manual,54292,Diesel,0,80.7,1.6,audi.csv
Audi,A3,2015,9,8199,Manual,68446,Diesel,0,74.3,1.6,audi.csv
Audi,A1,2016,8,9499,Manual,48297,Diesel,0,80.7,1.6,audi.csv
Audi,A1,2016,8,9432,Manual,38673,Diesel,0,76.3,1.6,audi.csv
Audi,A4,2016,8,15500,Manual,29454,Diesel,0,74.3,2.0,audi.csv
Audi,A1,2016,8,12000,Automatic,17358,Diesel,0,74.3,1.6,audi.csv
Audi,A1,2015,9,10899,Automatic,30854,Diesel,0,76.3,1.6,audi.csv
Audi,A1,2012,12,7099,Manual,46942,Diesel,0,74.3,1.6,audi.csv
Audi,A3,2015,9,8499,Manual,56104,Diesel,0,74.3,1.6,audi.csv
Audi,A1,2016,8,10289,Manual,33560,Diesel,0,76.3,1.6,audi.csv
Audi,A3,2013,11,7699,Manual,60028,Diesel,0,74.3,1.6,audi.csv
Audi,A3,2014,10,8150,Manual,65604,Diesel,0,74.3,1.6,audi.csv
Audi,A3,2013,11,8150,Manual,37141,Diesel,0,74.3,1.6,audi.csv
Audi,A3,2016,8,11646,Manual,29613,Diesel,0,83.1,1.6,audi.csv
Audi,A1,2016,8,10999,Manual,19865,Diesel,0,76.3,1.6,audi.csv
Audi,A4,2015,9,10999,Manual,87652,Diesel,0,74.3,2.0,audi.csv
Audi,A3,2015,9,8299,Manual,91334,Diesel,0,83.1,1.6,audi.csv
Audi,A1,2015,9,8554,Manual,69888,Diesel,0,80.7,1.6,audi.csv
Audi,A1,2013,11,7799,Manual,56123,Diesel,0,74.3,1.6,audi.csv
Audi,A3,2016,8,10999,Manual,36281,Diesel,0,74.3,1.6,audi.csv
Audi,A1,2016,8,10499,Manual,34886,Diesel,0,76.3,1.6,audi.csv
Audi,A1,2015,9,8799,Manual,60585,Diesel,0,80.7,1.6,audi.csv
Audi,A3,2015,9,7295,Manual,104460,Diesel,0,83.1,1.6,audi.csv
Audi,A4,2016,8,10500,Manual,88230,Diesel,0,74.3,2.0,audi.csv
Audi,A4,2016,8,9795,Automatic,99740,Diesel,0,72.4,2.0,audi.csv
Audi,A3,2016,8,7500,Manual,116310,Diesel,0,83.1,1.6,audi.csv
Audi,A4,2016,8,11000,Manual,84380,Diesel,0,74.3,2.0,audi.csv
Audi,A3,2016,8,10990,Manual,57097,Diesel,0,83.1,1.6,audi.csv
Audi,A3,2015,9,11490,Manual,37238,Diesel,0,74.3,1.6,audi.csv
Audi,A1,2014,10,10495,Manual,32000,Diesel,0,74.3,1.6,audi.csv
Audi,A1,2016,8,11990,Automatic,23000,Diesel,0,74.3,1.6,audi.csv
Audi,A1,2016,8,12490,Manual,39463,Diesel,0,76.3,1.6,audi.csv
Audi,A1,2016,8,12790,Manual,15352,Diesel,0,76.3,1.6,audi.csv
Audi,A3,2014,10,10950,Manual,50652,Diesel,0,74.3,1.6,audi.csv
Audi,A1,2014,10,12450,Manual,23000,Diesel,0,74.3,1.6,audi.csv
Audi,A1,2012,12,7475,Manual,70000,Diesel,0,74.3,1.6,audi.csv
Audi,A1,2011,13,6475,Manual,45000,Diesel,0,70.6,1.6,audi.csv
Audi,A1,2012,12,6790,Manual,65794,Diesel,0,74.3,1.6,audi.csv
Audi,A1,2016,8,10695,Manual,52820,Diesel,0,76.3,1.6,audi.csv
Audi,A1,2014,10,7475,Manual,70000,Diesel,0,74.3,1.6,audi.csv
Audi,A1,2013,11,7490,Manual,49547,Diesel,0,74.3,1.6,audi.csv
Audi,A1,2013,11,6575,Manual,75000,Diesel,0,74.3,1.6,audi.csv
Audi,A1,2015,9,9999,Manual,51395,Diesel,0,80.7,1.6,audi.csv
Audi,A3,2015,9,11899,Manual,35425,Diesel,0,74.3,1.6,audi.csv
Audi,A4,2016,8,14799,Manual,17418,Diesel,0,74.3,2.0,audi.csv
Audi,A1,2016,8,11499,Manual,15224,Diesel,0,76.3,1.6,audi.csv
Audi,A3,2013,11,8599,Manual,40646,Diesel,0,74.3,1.6,audi.csv
Audi,A3,2016,8,10099,Manual,70070,Diesel,0,74.3,1.6,audi.csv
Audi,A1,2016,8,10199,Manual,19356,Diesel,0,80.7,1.6,audi.csv
Audi,A1,2015,9,9199,Manual,52319,Diesel,0,80.7,1.6,audi.csv
Audi,A4,2016,8,14799,Manual,39989,Diesel,0,74.3,2.0,audi.csv
Audi,A3,2015,9,10799,Manual,42761,Diesel,0,83.1,1.6,audi.csv
Audi,A4,2016,8,12499,Manual,58204,Diesel,0,72.4,2.0,audi.csv
Audi,A3,2015,9,9999,Manual,50325,Diesel,0,74.3,1.6,audi.csv
Audi,A3,2015,9,10999,Manual,30690,Diesel,0,83.1,1.6,audi.csv
Audi,A1,2014,10,8400,Manual,41083,Diesel,0,74.3,1.6,audi.csv
Audi,A1,2016,8,10299,Manual,34291,Diesel,0,76.3,1.6,audi.csv
Audi,A1,2015,9,11999,Manual,25936,Diesel,0,80.7,1.6,audi.csv
Audi,A4,2016,8,14599,Manual,14380,Diesel,0,74.3,2.0,audi.csv
Audi,A3,2016,8,10799,Manual,36851,Diesel,0,83.1,1.6,audi.csv
Audi,A1,2016,8,10999,Automatic,52865,Diesel,0,76.3,1.6,audi.csv
Audi,A3,2015,9,9989,Manual,55122,Diesel,0,83.1,1.6,audi.csv
Audi,A1,2016,8,10999,Manual,31583,Diesel,0,76.3,1.6,audi.csv
Audi,A1,2015,9,8199,Manual,77288,Diesel,0,74.3,1.6,audi.csv
Audi,A3,2016,8,11999,Automatic,36714,Diesel,0,74.3,1.6,audi.csv
Audi,A1,2016,8,11599,Manual,34980,Diesel,0,76.3,1.6,audi.csv
Audi,A1,2013,11,8599,Manual,47337,Diesel,0,74.3,1.6,audi.csv
Audi,A3,2014,10,7499,Manual,81000,Diesel,0,74.3,1.6,audi.csv
Audi,A3,2016,8,10799,Manual,41165,Diesel,0,83.1,1.6,audi.csv
Audi,A3,2014,10,5500,Manual,87000,Diesel,0,74.3,1.6,audi.csv
Audi,A3,2015,9,9899,Manual,57021,Diesel,0,83.1,1.6,audi.csv
Audi,A3,2014,10,7869,Manual,72591,Diesel,0,74.3,1.6,audi.csv
Audi,A3,2017,7,13399,Manual,16850,Diesel,0,74.3,1.6,audi.csv
Audi,A1,2016,8,13500,Automatic,29211,Diesel,0,76.3,1.6,audi.csv
Audi,A3,2015,9,10500,Manual,44458,Diesel,0,74.3,1.6,audi.csv
Audi,A3,2015,9,10299,Manual,49441,Diesel,0,83.1,1.6,audi.csv
Audi,A3,2015,9,9599,Manual,31586,Diesel,0,74.3,1.6,audi.csv
Audi,A4,2016,8,13295,Automatic,44660,Diesel,0,72.4,2.0,audi.csv
Audi,A1,2016,8,8500,Manual,64910,Diesel,0,76.3,1.6,audi.csv
Audi,A4,2016,8,14500,Automatic,37290,Diesel,0,72.4,2.0,audi.csv
Audi,A1,2015,9,7895,Manual,83390,Diesel,0,80.7,1.6,audi.csv
Audi,A3,2015,9,7000,Manual,112380,Diesel,0,74.3,1.6,audi.csv
Audi,A4,2016,8,15000,Automatic,31670,Diesel,0,72.4,2.0,audi.csv
Audi,A1,2013,11,7900,Manual,67409,Diesel,0,74.3,1.6,audi.csv
Audi,A1,2017,7,12250,Manual,26517,Diesel,0,76.3,1.6,audi.csv
Audi,A1,2015,9,12500,Manual,30500,Diesel,0,80.7,1.6,audi.csv
Audi,A1,2012,12,7500,Manual,63565,Diesel,0,74.3,1.6,audi.csv
Audi,A1,2012,12,8288,Manual,25000,Diesel,0,74.3,1.6,audi.csv
Audi,A1,2014,10,6900,Manual,90000,Diesel,0,74.3,1.6,audi.csv
Audi,A4,2016,8,11500,Manual,72056,Diesel,0,72.4,2.0,audi.csv
Audi,A1,2016,8,9000,Manual,37539,Diesel,0,76.3,1.6,audi.csv
Audi,A3,2014,10,8400,Manual,55210,Diesel,0,74.3,1.6,audi.csv
Audi,A1,2016,8,11300,Manual,24426,Diesel,0,76.3,1.6,audi.csv
Audi,A3,2013,11,8990,Manual,85255,Diesel,0,74.3,1.6,audi.csv
Audi,A1,2016,8,11500,Manual,15567,Diesel,0,76.3,1.6,audi.csv
Audi,A1,2016,8,9500,Manual,37008,Diesel,0,76.3,1.6,audi.csv
Audi,A1,2013,11,6999,Manual,90000,Diesel,0,74.3,1.6,audi.csv
Audi,A1,2016,8,10999,Manual,22150,Diesel,0,76.3,1.6,audi.csv
BMW,1 Series,2016,8,9400,Manual,44498,Diesel,0,83.1,1.5,bmw.csv
BMW,1 Series,2016,8,9200,Manual,48858,Diesel,0,83.1,1.5,bmw.csv
BMW,1 Series,2015,9,11100,Manual,11524,Diesel,0,83.1,1.5,bmw.csv
BMW,1 Series,2017,7,11400,Manual,26265,Diesel,0,83.1,1.5,bmw.csv
BMW,2 Series,2016,8,10600,Manual,24313,Diesel,0,74.3,1.5,bmw.csv
BMW,2 Series,2015,9,9100,Manual,40789,Diesel,0,74.3,1.5,bmw.csv
BMW,3 Series,2017,7,10900,Automatic,78345,Diesel,0,74.3,2.0,bmw.csv
BMW,1 Series,2016,8,8000,Manual,81579,Diesel,0,83.1,1.5,bmw.csv
BMW,1 Series,2016,8,9900,Manual,44008,Diesel,0,83.1,1.5,bmw.csv
BMW,1 Series,2016,8,12100,Automatic,25786,Diesel,0,74.3,2.0,bmw.csv
BMW,1 Series,2016,8,8800,Manual,51002,Diesel,0,83.1,1.5,bmw.csv
BMW,1 Series,2017,7,11498,Semi-Auto,47110,Diesel,0,78.5,1.5,bmw.csv
BMW,2 Series,2015,9,10498,Manual,27221,Diesel,0,74.3,1.5,bmw.csv
BMW,3 Series,2016,8,13298,Semi-Auto,46392,Diesel,0,74.3,2.0,bmw.csv
BMW,3 Series,2016,8,13798,Semi-Auto,46673,Diesel,0,74.3,2.0,bmw.csv
BMW,1 Series,2015,9,12498,Semi-Auto,14501,Diesel,0,78.5,1.5,bmw.csv
BMW,3 Series,2016,8,12950,Semi-Auto,44635,Diesel,0,74.3,2.0,bmw.csv
BMW,1 Series,2017,7,13698,Semi-Auto,12102,Diesel,0,78.5,1.5,bmw.csv
BMW,3 Series,2016,8,13498,Semi-Auto,45341,Diesel,0,74.3,2.0,bmw.csv
BMW,1 Series,2016,8,12998,Semi-Auto,31879,Diesel,0,78.5,1.5,bmw.csv
BMW,2 Series,2016,8,12998,Manual,20565,Diesel,0,74.3,1.5,bmw.csv
BMW,1 Series,2016,8,10450,Semi-Auto,52562,Diesel,0,78.5,1.5,bmw.csv
BMW,1 Series,2015,9,10998,Manual,23241,Diesel,0,83.1,1.5,bmw.csv
BMW,1 Series,2013,11,6491,Manual,73000,Diesel,0,74.3,1.6,bmw.csv
BMW,1 Series,2016,8,11499,Semi-Auto,46327,Diesel,0,78.5,1.5,bmw.csv
BMW,1 Series,2016,8,11491,Manual,36200,Diesel,0,83.1,1.5,bmw.csv
BMW,1 Series,2016,8,19490,Manual,10,Diesel,0,78.5,1.5,bmw.csv
BMW,1 Series,2014,10,8250,Manual,67654,Diesel,0,74.3,1.6,bmw.csv
BMW,1 Series,2015,9,9730,Manual,26845,Diesel,0,78.5,1.5,bmw.csv
BMW,2 Series,2017,7,13991,Manual,36045,Diesel,0,74.3,1.5,bmw.csv
BMW,1 Series,2016,8,11980,Automatic,41081,Diesel,0,74.3,2.0,bmw.csv
BMW,1 Series,2016,8,9891,Manual,49811,Diesel,0,83.1,1.5,bmw.csv
BMW,1 Series,2013,11,6395,Manual,93000,Diesel,0,74.3,1.6,bmw.csv
BMW,3 Series,2016,8,12900,Automatic,42666,Diesel,0,74.3,2.0,bmw.csv
BMW,3 Series,2016,8,14761,Automatic,14209,Diesel,0,74.3,2.0,bmw.csv
BMW,2 Series,2016,8,8498,Manual,83850,Diesel,0,74.3,1.5,bmw.csv
BMW,3 Series,2016,8,12495,Semi-Auto,63162,Diesel,0,74.3,2.0,bmw.csv
BMW,3 Series,2017,7,13298,Semi-Auto,75418,Diesel,0,74.3,2.0,bmw.csv
BMW,1 Series,2016,8,11470,Manual,18802,Diesel,0,83.1,1.5,bmw.csv
BMW,1 Series,2016,8,11110,Manual,25073,Diesel,0,83.1,1.5,bmw.csv
BMW,3 Series,2016,8,12990,Semi-Auto,48788,Diesel,0,74.3,2.0,bmw.csv
BMW,1 Series,2015,9,11750,Manual,10889,Diesel,0,78.5,1.5,bmw.csv
BMW,1 Series,2015,9,13442,Semi-Auto,15200,Diesel,0,78.5,1.5,bmw.csv
BMW,1 Series,2016,8,12895,Manual,14354,Diesel,0,78.5,1.5,bmw.csv
BMW,1 Series,2015,9,8998,Manual,51342,Diesel,0,83.1,1.5,bmw.csv
BMW,1 Series,2015,9,7540,Manual,79999,Diesel,0,83.1,1.5,bmw.csv
BMW,3 Series,2017,7,16875,Semi-Auto,19493,Diesel,0,74.3,2.0,bmw.csv
BMW,1 Series,2013,11,6500,Manual,89000,Diesel,0,74.3,1.6,bmw.csv
BMW,1 Series,2013,11,8977,Manual,63000,Diesel,0,74.3,1.6,bmw.csv
BMW,1 Series,2017,7,13975,Automatic,20206,Diesel,0,74.3,2.0,bmw.csv
BMW,1 Series,2016,8,11750,Manual,43000,Diesel,0,83.1,1.5,bmw.csv
BMW,1 Series,2016,8,9990,Manual,40000,Diesel,0,83.1,1.5,bmw.csv
BMW,3 Series,2015,9,11309,Automatic,64797,Diesel,0,74.3,2.0,bmw.csv
BMW,1 Series,2016,8,10648,Manual,36669,Diesel,0,83.1,1.5,bmw.csv
BMW,1 Series,2016,8,10499,Manual,24877,Diesel,0,83.1,1.5,bmw.csv
BMW,1 Series,2016,8,10999,Automatic,65141,Diesel,0,74.3,2.0,bmw.csv
BMW,3 Series,2016,8,13999,Automatic,32986,Diesel,0,74.3,2.0,bmw.csv
BMW,1 Series,2016,8,11545,Manual,22780,Diesel,0,83.1,1.5,bmw.csv
BMW,1 Series,2015,9,10499,Manual,23893,Diesel,0,83.1,1.5,bmw.csv
BMW,1 Series,2016,8,10699,Manual,47210,Diesel,0,83.1,1.5,bmw.csv
BMW,1 Series,2015,9,9699,Manual,36713,Diesel,0,78.5,1.5,bmw.csv
BMW,1 Series,2016,8,8940,Manual,79675,Diesel,0,83.1,1.5,bmw.csv
BMW,1 Series,2015,9,8869,Manual,62574,Diesel,0,83.1,1.5,bmw.csv
BMW,1 Series,2017,7,12338,Manual,15770,Diesel,0,83.1,1.5,bmw.csv
BMW,1 Series,2016,8,9440,Manual,71000,Diesel,0,83.1,1.5,bmw.csv
BMW,1 Series,2015,9,9270,Manual,62346,Diesel,0,78.5,1.5,bmw.csv
BMW,1 Series,2017,7,11997,Manual,10624,Diesel,0,83.1,1.5,bmw.csv
BMW,1 Series,2014,10,5490,Manual,131347,Diesel,0,74.3,1.6,bmw.csv
BMW,1 Series,2016,8,8393,Manual,82000,Diesel,0,83.1,1.5,bmw.csv
BMW,1 Series,2016,8,10499,Manual,40428,Diesel,0,78.5,1.5,bmw.csv
BMW,1 Series,2015,9,8999,Manual,58918,Diesel,0,83.1,1.5,bmw.csv
BMW,1 Series,2016,8,10699,Manual,35845,Diesel,0,83.1,1.5,bmw.csv
BMW,1 Series,2017,7,11349,Manual,33215,Diesel,0,78.5,1.5,bmw.csv
BMW,1 Series,2016,8,8454,Manual,76241,Diesel,0,83.1,1.5,bmw.csv
BMW,1 Series,2016,8,11399,Manual,24820,Diesel,0,78.5,1.5,bmw.csv
BMW,3 Series,2016,8,10999,Automatic,79248,Diesel,0,74.3,2.0,bmw.csv
BMW,1 Series,2016,8,9999,Manual,50232,Diesel,0,83.1,1.5,bmw.csv
BMW,2 Series,2016,8,11699,Manual,29719,Diesel,0,74.3,1.5,bmw.csv
BMW,1 Series,2014,10,5993,Manual,113000,Diesel,0,74.3,1.6,bmw.csv
BMW,1 Series,2016,8,9749,Manual,57277,Diesel,0,78.5,1.5,bmw.csv
BMW,1 Series,2016,8,9699,Manual,52811,Diesel,0,83.1,1.5,bmw.csv
BMW,1 Series,2015,9,9890,Manual,30416,Diesel,0,78.5,1.5,bmw.csv
BMW,1 Series,2016,8,9977,Manual,47905,Diesel,0,78.5,1.5,bmw.csv
BMW,1 Series,2017,7,12199,Manual,22361,Diesel,0,83.1,1.5,bmw.csv
BMW,1 Series,2015,9,10388,Manual,28640,Diesel,0,83.1,1.5,bmw.csv
BMW,1 Series,2013,11,7699,Manual,51988,Diesel,0,74.3,1.6,bmw.csv
BMW,1 Series,2016,8,10514,Manual,39512,Diesel,0,78.5,1.5,bmw.csv
BMW,1 Series,2015,9,10348,Automatic,57570,Diesel,0,74.3,2.0,bmw.csv
BMW,1 Series,2013,11,7500,Manual,67708,Diesel,0,74.3,1.6,bmw.csv
BMW,1 Series,2016,8,10700,Manual,27382,Diesel,0,83.1,1.5,bmw.csv
BMW,1 Series,2016,8,11000,Manual,34683,Diesel,0,83.1,1.5,bmw.csv
BMW,3 Series,2016,8,10000,Automatic,84878,Diesel,0,74.3,2.0,bmw.csv
BMW,1 Series,2014,10,10395,Manual,25000,Diesel,0,74.3,1.6,bmw.csv
BMW,1 Series,2016,8,10399,Manual,33546,Diesel,0,83.1,1.5,bmw.csv
BMW,1 Series,2015,9,10495,Manual,27000,Diesel,0,78.5,1.5,bmw.csv
BMW,1 Series,2015,9,9499,Manual,54228,Diesel,0,83.1,1.5,bmw.csv
BMW,1 Series,2013,11,7399,Manual,58149,Diesel,0,74.3,1.6,bmw.csv
BMW,1 Series,2016,8,10599,Manual,27636,Diesel,0,83.1,1.5,bmw.csv
BMW,1 Series,2016,8,10699,Manual,34933,Diesel,0,83.1,1.5,bmw.csv
BMW,1 Series,2016,8,11299,Manual,24441,Diesel,0,78.5,1.5,bmw.csv
BMW,1 Series,2016,8,10199,Manual,58305,Diesel,0,83.1,1.5,bmw.csv
BMW,1 Series,2016,8,11999,Manual,15066,Diesel,0,83.1,1.5,bmw.csv
BMW,1 Series,2016,8,10299,Manual,36007,Diesel,0,83.1,1.5,bmw.csv
BMW,2 Series,2016,8,8999,Manual,80051,Diesel,0,74.3,1.5,bmw.csv
BMW,1 Series,2017,7,11861,Manual,23268,Diesel,0,78.5,1.5,bmw.csv
BMW,1 Series,2016,8,10849,Manual,32690,Diesel,0,78.5,1.5,bmw.csv
BMW,1 Series,2016,8,9995,Manual,49782,Diesel,0,78.5,1.5,bmw.csv
BMW,1 Series,2015,9,9500,Manual,56941,Diesel,0,83.1,1.5,bmw.csv
BMW,1 Series,2016,8,9899,Manual,47325,Diesel,0,83.1,1.5,bmw.csv
BMW,1 Series,2016,8,10999,Manual,35898,Diesel,0,83.1,1.5,bmw.csv
BMW,1 Series,2015,9,10000,Manual,35259,Diesel,0,83.1,1.5,bmw.csv
BMW,1 Series,2016,8,9349,Manual,71381,Diesel,0,78.5,1.5,bmw.csv
BMW,1 Series,2016,8,11999,Automatic,38204,Diesel,0,78.5,1.5,bmw.csv
BMW,1 Series,2016,8,10550,Manual,40313,Diesel,0,78.5,1.5,bmw.csv
BMW,1 Series,2016,8,10999,Manual,27681,Diesel,0,83.1,1.5,bmw.csv
BMW,1 Series,2016,8,11788,Manual,17084,Diesel,0,78.5,1.5,bmw.csv
BMW,1 Series,2016,8,10990,Manual,36681,Diesel,0,83.1,1.5,bmw.csv
BMW,1 Series,2016,8,11988,Manual,20698,Diesel,0,78.5,1.5,bmw.csv
BMW,1 Series,2016,8,7999,Manual,80103,Diesel,0,83.1,1.5,bmw.csv
BMW,1 Series,2016,8,10599,Manual,39779,Diesel,0,83.1,1.5,bmw.csv
BMW,1 Series,2013,11,7475,Manual,70000,Diesel,0,74.3,1.6,bmw.csv
BMW,1 Series,2016,8,8999,Manual,69647,Diesel,0,78.5,1.5,bmw.csv
BMW,1 Series,2016,8,11799,Manual,19568,Diesel,0,78.5,1.5,bmw.csv
BMW,1 Series,2016,8,10499,Manual,36240,Diesel,0,83.1,1.5,bmw.csv
BMW,1 Series,2016,8,11125,Manual,33149,Diesel,0,78.5,1.5,bmw.csv
BMW,1 Series,2016,8,11001,Manual,31615,Diesel,0,78.5,1.5,bmw.csv
BMW,1 Series,2016,8,11499,Manual,27199,Diesel,0,83.1,1.5,bmw.csv
BMW,1 Series,2016,8,10699,Manual,35417,Diesel,0,78.5,1.5,bmw.csv
BMW,1 Series,2016,8,10899,Manual,23407,Diesel,0,78.5,1.5,bmw.csv
BMW,1 Series,2016,8,10070,Manual,47413,Diesel,0,83.1,1.5,bmw.csv
BMW,1 Series,2016,8,9999,Manual,46620,Diesel,0,83.1,1.5,bmw.csv
BMW,1 Series,2016,8,11199,Manual,31095,Diesel,0,83.1,1.5,bmw.csv
BMW,1 Series,2016,8,10799,Manual,37087,Diesel,0,83.1,1.5,bmw.csv
BMW,3 Series,2016,8,10740,Automatic,91855,Diesel,0,74.3,2.0,bmw.csv
BMW,1 Series,2016,8,10999,Manual,21964,Diesel,0,78.5,1.5,bmw.csv
BMW,1 Series,2013,11,7999,Manual,61295,Diesel,0,74.3,1.6,bmw.csv
BMW,1 Series,2016,8,11399,Manual,26231,Diesel,0,78.5,1.5,bmw.csv
BMW,3 Series,2016,8,10599,Automatic,95217,Diesel,0,74.3,2.0,bmw.csv
BMW,2 Series,2016,8,9499,Manual,68848,Diesel,0,74.3,1.5,bmw.csv
BMW,1 Series,2017,7,10999,Manual,46147,Diesel,0,83.1,1.5,bmw.csv
BMW,1 Series,2016,8,10999,Manual,31847,Diesel,0,78.5,1.5,bmw.csv
BMW,1 Series,2016,8,9749,Manual,56044,Diesel,0,78.5,1.5,bmw.csv
BMW,1 Series,2016,8,9995,Manual,30000,Diesel,0,83.1,1.5,bmw.csv
BMW,1 Series,2017,7,11339,Manual,41925,Diesel,0,78.5,1.5,bmw.csv
BMW,2 Series,2016,8,10949,Manual,34489,Diesel,0,74.3,1.5,bmw.csv
BMW,1 Series,2016,8,11469,Manual,33578,Diesel,0,83.1,1.5,bmw.csv
BMW,1 Series,2016,8,10939,Manual,33243,Diesel,0,78.5,1.5,bmw.csv
BMW,1 Series,2016,8,11819,Manual,26141,Diesel,0,78.5,1.5,bmw.csv
BMW,1 Series,2016,8,9699,Manual,59751,Diesel,0,83.1,1.5,bmw.csv
BMW,1 Series,2016,8,11799,Manual,18644,Diesel,0,78.5,1.5,bmw.csv
BMW,1 Series,2016,8,10799,Manual,37025,Diesel,0,83.1,1.5,bmw.csv
BMW,1 Series,2016,8,10637,Manual,40245,Diesel,0,83.1,1.5,bmw.csv
BMW,1 Series,2016,8,10989,Manual,49761,Diesel,0,83.1,1.5,bmw.csv
BMW,2 Series,2016,8,8500,Manual,94790,Diesel,0,74.3,1.5,bmw.csv
BMW,1 Series,2016,8,9295,Manual,60740,Diesel,0,83.1,1.5,bmw.csv
BMW,1 Series,2016,8,8999,Manual,94300,Diesel,0,83.1,1.5,bmw.csv
BMW,1 Series,2016,8,8999,Manual,106600,Diesel,0,83.1,1.5,bmw.csv
BMW,1 Series,2016,8,9999,Manual,82850,Diesel,0,83.1,1.5,bmw.csv
BMW,1 Series,2015,9,8999,Manual,97800,Diesel,0,83.1,1.5,bmw.csv
BMW,1 Series,2015,9,7740,Manual,85000,Diesel,0,83.1,1.5,bmw.csv
BMW,1 Series,2016,8,11200,Manual,17863,Diesel,0,83.1,1.5,bmw.csv
BMW,1 Series,2016,8,10500,Manual,45340,Diesel,0,83.1,1.5,bmw.csv
BMW,1 Series,2015,9,8800,Manual,59496,Diesel,0,83.1,1.5,bmw.csv
BMW,1 Series,2016,8,9100,Automatic,81751,Diesel,0,78.5,1.5,bmw.csv
BMW,1 Series,2014,10,8800,Manual,35974,Diesel,0,74.3,1.6,bmw.csv
BMW,1 Series,2016,8,9900,Manual,41475,Diesel,0,78.5,1.5,bmw.csv
BMW,2 Series,2017,7,9800,Manual,51594,Diesel,0,74.3,1.5,bmw.csv
BMW,1 Series,2015,9,9000,Manual,46295,Diesel,0,83.1,1.5,bmw.csv
BMW,1 Series,2017,7,11500,Manual,23574,Diesel,0,83.1,1.5,bmw.csv
BMW,2 Series,2016,8,10400,Manual,37567,Diesel,0,74.3,1.5,bmw.csv
BMW,1 Series,2016,8,9700,Manual,37680,Diesel,0,83.1,1.5,bmw.csv
BMW,1 Series,2014,10,7999,Manual,67610,Diesel,0,74.3,1.6,bmw.csv
BMW,1 Series,2016,8,11100,Manual,26589,Diesel,0,83.1,1.5,bmw.csv
BMW,1 Series,2017,7,10700,Manual,37487,Diesel,0,78.5,1.5,bmw.csv
BMW,1 Series,2016,8,11300,Manual,33725,Diesel,0,83.1,1.5,bmw.csv
BMW,1 Series,2017,7,11500,Manual,23787,Diesel,0,83.1,1.5,bmw.csv
BMW,1 Series,2016,8,10700,Manual,33489,Diesel,0,83.1,1.5,bmw.csv
BMW,1 Series,2015,9,7500,Manual,81750,Diesel,0,74.3,1.6,bmw.csv
BMW,1 Series,2017,7,11400,Manual,26505,Diesel,0,83.1,1.5,bmw.csv
BMW,1 Series,2016,8,10200,Manual,49199,Diesel,0,83.1,1.5,bmw.csv
BMW,1 Series,2015,9,9600,Manual,30755,Diesel,0,83.1,1.5,bmw.csv
BMW,1 Series,2017,7,11000,Manual,30393,Diesel,0,78.5,1.5,bmw.csv
BMW,1 Series,2017,7,10400,Manual,46130,Diesel,0,78.5,1.5,bmw.csv
BMW,1 Series,2017,7,8500,Manual,85940,Diesel,0,83.1,1.5,bmw.csv
BMW,1 Series,2017,7,10700,Manual,38664,Diesel,0,83.1,1.5,bmw.csv
BMW,1 Series,2016,8,9500,Manual,45719,Diesel,0,83.1,1.5,bmw.csv
BMW,1 Series,2016,8,8800,Manual,61786,Diesel,0,83.1,1.5,bmw.csv
BMW,1 Series,2016,8,9400,Manual,41103,Diesel,0,83.1,1.5,bmw.csv
BMW,1 Series,2015,9,7495,Manual,91000,Diesel,0,74.3,1.6,bmw.csv
BMW,1 Series,2016,8,9100,Manual,53177,Diesel,0,78.5,1.5,bmw.csv
BMW,1 Series,2016,8,8500,Manual,68810,Diesel,0,83.1,1.5,bmw.csv
BMW,1 Series,2016,8,9100,Manual,54596,Diesel,0,83.1,1.5,bmw.csv
BMW,1 Series,2016,8,8700,Manual,54987,Diesel,0,83.1,1.5,bmw.csv
BMW,1 Series,2017,7,10200,Manual,41435,Diesel,0,83.1,1.5,bmw.csv
Ford,Fiesta,2016,8,7999,Manual,60730,Diesel,0,78.5,1.5,ford.csv
Ford,Fiesta,2013,11,5998,Manual,44304,Diesel,0,76.4,1.5,ford.csv
Ford,Focus,2015,9,7830,Manual,50124,Diesel,0,74.3,1.5,ford.csv
Ford,Fiesta,2015,9,6990,Manual,29851,Diesel,0,76.4,1.5,ford.csv
Ford,Focus,2015,9,9198,Manual,31512,Diesel,0,74.3,1.5,ford.csv
Ford,Focus,2016,8,10995,Manual,30923,Diesel,0,74.3,1.5,ford.csv
Ford,Mondeo,2015,9,9995,Manual,30753,Diesel,0,78.5,1.5,ford.csv
Ford,Focus,2016,8,11495,Manual,29900,Diesel,0,74.3,1.5,ford.csv
Ford,Focus,2016,8,10995,Manual,30923,Diesel,0,74.3,1.5,ford.csv
Ford,Mondeo,2016,8,9998,Manual,38358,Diesel,0,78.5,1.5,ford.csv
Ford,Focus,2016,8,9998,Manual,26399,Diesel,0,74.3,1.5,ford.csv
Ford,Focus,2016,8,8498,Manual,51656,Diesel,0,74.3,1.5,ford.csv
Ford,B-MAX,2017,7,7998,Manual,41294,Diesel,0,74.4,1.5,ford.csv
Ford,Focus,2016,8,10298,Manual,15510,Diesel,0,74.3,1.5,ford.csv
Ford,Focus,2017,7,11298,Manual,24386,Diesel,0,74.3,1.5,ford.csv
Ford,Focus,2015,9,8498,Manual,47219,Diesel,0,74.3,1.5,ford.csv
Ford,Fiesta,2017,7,9995,Manual,27000,Diesel,0,78.5,1.5,ford.csv
Ford,Focus,2017,7,10498,Manual,49485,Diesel,0,74.3,1.5,ford.csv
Ford,Fiesta,2015,9,5998,Manual,55898,Diesel,0,78.5,1.5,ford.csv
Ford,Fiesta,2017,7,8998,Manual,16701,Diesel,0,78.5,1.5,ford.csv
Ford,Focus,2016,8,8998,Manual,36087,Diesel,0,74.3,1.5,ford.csv
Ford,Fiesta,2016,8,10698,Manual,22141,Diesel,0,78.5,1.5,ford.csv
Ford,B-MAX,2015,9,7298,Manual,36140,Diesel,0,74.4,1.5,ford.csv
Ford,Fiesta,2014,10,5950,Manual,64327,Diesel,0,76.4,1.5,ford.csv
Ford,Focus,2017,7,10900,Manual,13338,Diesel,0,74.3,1.5,ford.csv
Ford,Focus,2016,8,7000,Manual,82616,Diesel,0,74.3,1.5,ford.csv
Ford,Focus,2016,8,8489,Manual,61379,Diesel,0,74.3,1.5,ford.csv
Ford,Focus,2017,7,12498,Manual,17998,Diesel,0,74.3,1.5,ford.csv
Ford,Fiesta,2017,7,10698,Manual,21041,Diesel,0,78.5,1.5,ford.csv
Ford,Fiesta,2017,7,9795,Manual,4162,Diesel,0,78.5,1.5,ford.csv
Ford,Focus,2016,8,8998,Manual,49080,Diesel,0,74.3,1.5,ford.csv
Ford,Focus,2016,8,9690,Manual,46176,Diesel,0,74.3,1.5,ford.csv
Ford,Focus,2016,8,9420,Manual,34214,Diesel,0,74.3,1.5,ford.csv
Ford,Focus,2015,9,9230,Manual,27412,Diesel,0,74.3,1.5,ford.csv
Ford,Focus,2015,9,8998,Manual,32492,Diesel,0,74.3,1.5,ford.csv
Ford,Fiesta,2015,9,6998,Manual,48938,Diesel,0,78.5,1.5,ford.csv
Ford,Focus,2016,8,8998,Manual,51324,Diesel,0,74.3,1.5,ford.csv
Ford,Focus,2015,9,9698,Manual,30149,Diesel,0,74.3,1.5,ford.csv
Ford,Focus,2017,7,12698,Manual,9484,Diesel,0,74.3,1.5,ford.csv
Ford,Focus,2016,8,9998,Manual,27193,Diesel,0,74.3,1.5,ford.csv
Ford,Focus,2016,8,12698,Manual,7906,Diesel,0,74.3,1.5,ford.csv
Ford,Focus,2015,9,9498,Manual,22420,Diesel,0,74.3,1.5,ford.csv
Ford,Focus,2015,9,9798,Manual,18733,Diesel,0,74.3,1.5,ford.csv
Ford,Fiesta,2016,8,7498,Manual,41271,Diesel,0,88.3,1.5,ford.csv
Ford,Fiesta,2016,8,8998,Manual,11813,Diesel,0,78.5,1.5,ford.csv
Ford,Focus,2017,7,10998,Manual,14653,Diesel,0,74.3,1.5,ford.csv
Ford,Fiesta,2016,8,6998,Manual,49010,Diesel,0,78.5,1.5,ford.csv
Ford,Focus,2017,7,11798,Manual,15417,Diesel,0,74.3,1.5,ford.csv
Ford,Focus,2017,7,11998,Manual,8308,Diesel,0,74.3,1.5,ford.csv
Ford,Focus,2017,7,12698,Manual,13588,Diesel,0,74.3,1.5,ford.csv
Ford,Focus,2016,8,9598,Manual,20340,Diesel,0,74.3,1.5,ford.csv
Ford,Focus,2017,7,11998,Manual,10474,Diesel,0,74.3,1.5,ford.csv
Ford,Focus,2015,9,6998,Manual,76588,Diesel,0,74.3,1.5,ford.csv
Ford,Fiesta,2013,11,6698,Manual,27783,Diesel,0,76.4,1.5,ford.csv
Ford,Focus,2017,7,11998,Semi-Auto,18978,Diesel,0,74.3,1.5,ford.csv
Ford,Focus,2017,7,9798,Manual,39763,Diesel,0,74.3,1.5,ford.csv
Ford,Focus,2016,8,10798,Manual,22904,Diesel,0,74.3,1.5,ford.csv
Ford,Focus,2016,8,8798,Manual,47577,Diesel,0,74.3,1.5,ford.csv
Ford,Focus,2017,7,11698,Manual,17750,Diesel,0,74.3,1.5,ford.csv
Ford,Fiesta,2014,10,5298,Manual,69323,Diesel,0,76.4,1.5,ford.csv
Ford,Focus,2015,9,9498,Manual,29901,Diesel,0,74.3,1.5,ford.csv
Ford,Focus,2016,8,10498,Manual,17685,Diesel,0,74.3,1.5,ford.csv
Ford,Focus,2017,7,10498,Manual,26029,Diesel,0,74.3,1.5,ford.csv
Ford,Focus,2016,8,9000,Manual,36565,Diesel,0,74.3,1.5,ford.csv
Ford,Focus,2017,7,9998,Manual,28761,Diesel,0,74.3,1.5,ford.csv
Ford,Fiesta,2016,8,7000,Manual,65000,Diesel,0,88.3,1.5,ford.csv
Ford,Focus,2016,8,7480,Manual,62595,Diesel,0,74.3,1.5,ford.csv
Ford,Focus,2017,7,11298,Manual,14604,Diesel,0,74.3,1.5,ford.csv
Ford,Focus,2017,7,11991,Manual,23445,Diesel,0,74.3,1.5,ford.csv
Ford,Focus,2016,8,9790,Manual,34006,Diesel,0,74.3,1.5,ford.csv
Ford,Focus,2015,9,8000,Manual,45566,Diesel,0,74.3,1.5,ford.csv
Ford,Focus,2015,9,7180,Manual,44583,Diesel,0,74.3,1.5,ford.csv
Ford,Fiesta,2016,8,8498,Manual,39271,Diesel,0,88.3,1.5,ford.csv
Ford,Focus,2014,10,7820,Manual,39000,Diesel,0,74.3,1.5,ford.csv
Ford,B-MAX,2017,7,9698,Manual,14708,Diesel,0,74.3,1.5,ford.csv
Ford,Focus,2017,7,11298,Manual,17530,Diesel,0,74.3,1.5,ford.csv
Ford,Focus,2017,7,10500,Manual,28244,Diesel,0,74.3,1.5,ford.csv
Ford,Focus,2016,8,7998,Manual,69312,Diesel,0,74.3,1.5,ford.csv
Ford,Fiesta,2016,8,9698,Manual,29714,Diesel,0,78.5,1.5,ford.csv
Ford,Focus,2016,8,8298,Manual,49173,Diesel,0,74.3,1.5,ford.csv
Ford,Focus,2015,9,7998,Manual,29331,Diesel,0,83.1,1.5,ford.csv
Ford,Fiesta,2016,8,7298,Manual,33524,Diesel,0,78.5,1.5,ford.csv
Ford,Focus,2017,7,11998,Manual,25950,Diesel,0,74.3,1.5,ford.csv
Ford,Focus,2017,7,10620,Manual,18385,Diesel,0,74.3,1.5,ford.csv
Ford,Fiesta,2014,10,6680,Manual,39123,Diesel,0,76.4,1.5,ford.csv
Ford,Focus,2015,9,8990,Manual,34998,Diesel,0,74.3,1.5,ford.csv
Ford,Focus,2016,8,8080,Manual,57894,Diesel,0,74.3,1.5,ford.csv
Ford,Focus,2015,9,8559,Manual,55601,Diesel,0,74.3,1.5,ford.csv
Ford,Mondeo,2016,8,9491,Manual,60720,Diesel,0,78.5,1.5,ford.csv
Ford,Focus,2015,9,9991,Manual,28351,Diesel,0,74.3,1.5,ford.csv
Ford,Focus,2016,8,8798,Manual,43101,Diesel,0,74.3,1.5,ford.csv
Ford,B-MAX,2017,7,8891,Manual,20226,Diesel,0,74.4,1.5,ford.csv
Ford,Focus,2015,9,7120,Manual,56561,Diesel,0,74.3,1.5,ford.csv
Ford,Focus,2016,8,11070,Manual,17975,Diesel,0,74.3,1.5,ford.csv
Ford,Fiesta,2016,8,11057,Manual,14644,Diesel,0,78.5,1.5,ford.csv
Ford,Mondeo,2016,8,11588,Manual,20709,Diesel,0,78.5,1.5,ford.csv
Ford,Focus,2015,9,7960,Manual,20188,Diesel,0,74.3,1.5,ford.csv
Ford,Fiesta,2013,11,5570,Manual,52290,Diesel,0,76.4,1.5,ford.csv
Ford,Focus,2015,9,8763,Manual,47799,Diesel,0,74.3,1.5,ford.csv
Ford,Focus,2017,7,12430,Manual,35050,Diesel,0,74.3,1.5,ford.csv
Ford,Focus,2015,9,8170,Manual,42293,Diesel,0,74.3,1.5,ford.csv
Ford,Fiesta,2016,8,8250,Manual,37000,Diesel,0,78.5,1.5,ford.csv
Ford,Focus,2015,9,8498,Manual,46668,Diesel,0,74.3,1.5,ford.csv
Ford,Focus,2015,9,8295,Manual,43636,Diesel,0,74.3,1.5,ford.csv
Ford,Fiesta,2013,11,6485,Manual,78000,Diesel,0,76.4,1.5,ford.csv
Ford,B-MAX,2017,7,8980,Manual,22522,Diesel,0,74.3,1.5,ford.csv
Ford,Focus,2015,9,8150,Manual,44048,Diesel,0,74.3,1.5,ford.csv
Ford,Focus,2017,7,9067,Manual,31967,Diesel,0,74.3,1.5,ford.csv
Ford,B-MAX,2017,7,8750,Manual,25786,Diesel,0,74.3,1.5,ford.csv
Ford,Mondeo,2015,9,9140,Manual,53702,Diesel,0,78.5,1.6,ford.csv
Ford,Focus,2017,7,11300,Manual,31118,Diesel,0,74.3,1.5,ford.csv
Ford,Fiesta,2017,7,9798,Manual,10187,Diesel,0,78.5,1.5,ford.csv
Ford,Fiesta,2017,7,10998,Manual,29797,Diesel,0,78.5,1.5,ford.csv
Ford,Focus,2016,8,10498,Manual,25458,Diesel,0,74.3,1.5,ford.csv
Ford,Focus,2015,9,8500,Manual,39580,Diesel,0,74.3,1.5,ford.csv
Ford,Focus,2015,9,8000,Manual,44429,Diesel,0,74.3,1.5,ford.csv
Ford,Focus,2016,8,9698,Manual,28648,Diesel,0,74.3,1.5,ford.csv
Ford,Focus,2015,9,8998,Manual,49105,Diesel,0,74.3,1.5,ford.csv
Ford,Focus,2016,8,8000,Manual,58774,Diesel,0,74.3,1.5,ford.csv
Ford,Fiesta,2013,11,5998,Manual,33614,Diesel,0,76.4,1.5,ford.csv
Ford,Fiesta,2016,8,8691,Manual,37942,Diesel,0,78.5,1.5,ford.csv
Ford,Focus,2015,9,8395,Manual,58500,Diesel,0,74.3,1.5,ford.csv
Ford,Focus,2017,7,10998,Manual,18291,Diesel,0,74.3,1.5,ford.csv
Ford,Focus,2017,7,9498,Manual,50875,Diesel,0,74.3,1.5,ford.csv
Ford,Fiesta,2017,7,10870,Manual,22648,Diesel,0,78.5,1.5,ford.csv
Ford,Focus,2015,9,8160,Manual,63117,Diesel,0,74.3,1.5,ford.csv
Ford,Fiesta,2015,9,6998,Manual,45112,Diesel,0,88.3,1.5,ford.csv
Ford,Fiesta,2017,7,7995,Manual,58535,Diesel,0,78.5,1.5,ford.csv
Ford,Focus,2015,9,7998,Manual,61904,Diesel,0,74.3,1.5,ford.csv
Ford,Fiesta,2015,9,6698,Manual,36895,Diesel,0,76.4,1.5,ford.csv
Ford,Focus,2016,8,9498,Manual,34913,Diesel,0,74.3,1.5,ford.csv
Ford,Fiesta,2016,8,7995,Manual,46702,Diesel,0,78.5,1.5,ford.csv
Ford,Fiesta,2016,8,7290,Manual,54184,Diesel,0,88.3,1.5,ford.csv
Ford,Focus,2016,8,7490,Manual,62398,Diesel,0,74.3,1.5,ford.csv
Ford,Focus,2016,8,8450,Manual,45444,Diesel,0,74.3,1.5,ford.csv
Ford,Focus,2017,7,10950,Manual,31079,Diesel,0,74.3,1.5,ford.csv
Ford,Focus,2016,8,8990,Manual,39000,Diesel,0,74.3,1.5,ford.csv
Ford,Focus,2017,7,11998,Manual,20758,Diesel,0,74.3,1.5,ford.csv
Ford,Fiesta,2017,7,11950,Manual,6046,Diesel,0,78.5,1.5,ford.csv
Ford,Focus,2017,7,11498,Manual,22213,Diesel,0,74.3,1.5,ford.csv
Ford,Focus,2017,7,9998,Manual,28534,Diesel,0,74.3,1.5,ford.csv
Ford,Focus,2017,7,12498,Manual,20554,Diesel,0,74.3,1.5,ford.csv
Ford,Fiesta,2016,8,9998,Manual,22147,Diesel,0,78.5,1.5,ford.csv
Ford,Focus,2017,7,11998,Manual,9038,Diesel,0,74.3,1.5,ford.csv
Ford,Focus,2017,7,12998,Manual,25279,Diesel,0,74.3,1.5,ford.csv
Ford,Focus,2015,9,7050,Manual,70672,Diesel,0,74.3,1.5,ford.csv
Ford,Fiesta,2013,11,4990,Manual,66175,Diesel,0,85.6,1.6,ford.csv
Ford,Mondeo,2015,9,9998,Manual,51916,Diesel,0,78.5,1.5,ford.csv
Ford,Focus,2016,8,9280,Manual,30150,Diesel,0,74.3,1.5,ford.csv
Ford,Focus,2017,7,9998,Manual,46011,Diesel,0,74.3,1.5,ford.csv
Ford,Focus,2017,7,9698,Manual,34371,Diesel,0,74.3,1.5,ford.csv
Ford,Fiesta,2015,9,6810,Manual,49853,Diesel,0,88.3,1.5,ford.csv
Ford,Focus,2017,7,10050,Manual,36789,Diesel,0,74.3,1.5,ford.csv
Ford,Focus,2016,8,8980,Manual,56000,Diesel,0,74.3,1.5,ford.csv
Ford,Focus,2016,8,8667,Manual,47832,Diesel,0,74.3,1.5,ford.csv
Ford,Focus,2017,7,9000,Manual,41482,Diesel,0,74.3,1.5,ford.csv
Ford,Fiesta,2014,10,5995,Manual,44523,Diesel,0,76.4,1.5,ford.csv
Ford,Fiesta,2013,11,6890,Manual,27732,Diesel,0,76.4,1.5,ford.csv
Ford,Fiesta,2016,8,7220,Manual,50211,Diesel,0,88.3,1.5,ford.csv
Ford,B-MAX,2016,8,8650,Manual,11871,Diesel,0,74.4,1.5,ford.csv
Ford,B-MAX,2016,8,7197,Manual,49132,Diesel,0,74.4,1.5,ford.csv
Ford,Focus,2016,8,10250,Manual,30086,Diesel,0,74.3,1.5,ford.csv
Ford,Fiesta,2015,9,7410,Manual,53593,Diesel,0,78.5,1.5,ford.csv
Ford,B-MAX,2016,8,8498,Manual,24348,Diesel,0,74.4,1.5,ford.csv
Ford,Fiesta,2016,8,10298,Manual,24745,Diesel,0,78.5,1.5,ford.csv
Ford,Focus,2017,7,11000,Manual,50940,Diesel,0,74.3,1.5,ford.csv
Ford,Fiesta,2016,8,10500,Manual,19255,Diesel,0,78.5,1.5,ford.csv
Ford,Focus,2017,7,9999,Manual,47311,Diesel,0,74.3,1.5,ford.csv
Ford,Focus,2017,7,9998,Manual,30605,Diesel,0,74.3,1.5,ford.csv
Ford,Focus,2015,9,8490,Manual,48547,Diesel,0,74.3,1.5,ford.csv
Ford,Focus,2016,8,9999,Manual,27977,Diesel,0,74.3,1.5,ford.csv
Ford,Focus,2015,9,8250,Manual,64734,Diesel,0,74.3,1.5,ford.csv
Ford,Mondeo,2016,8,9850,Manual,60668,Diesel,0,78.5,1.5,ford.csv
Ford,Focus,2016,8,8990,Manual,53500,Diesel,0,74.3,1.5,ford.csv
Ford,Focus,2016,8,9463,Manual,39275,Diesel,0,74.3,1.5,ford.csv
Ford,Focus,2017,7,9500,Manual,25887,Diesel,0,74.3,1.5,ford.csv
Ford,Focus,2016,8,10660,Manual,18560,Diesel,0,74.3,1.5,ford.csv
Ford,Mondeo,2016,8,10260,Manual,22268,Diesel,0,78.5,1.5,ford.csv
Ford,Focus,2016,8,9495,Manual,28740,Diesel,0,74.3,1.5,ford.csv
Ford,Fiesta,2014,10,7491,Manual,34300,Diesel,0,76.4,1.5,ford.csv
Ford,Fiesta,2016,8,7160,Manual,40065,Diesel,0,88.3,1.5,ford.csv
Ford,Fiesta,2016,8,9295,Manual,16671,Diesel,0,78.5,1.5,ford.csv
Ford,Focus,2017,7,9000,Manual,44148,Diesel,0,74.3,1.5,ford.csv
Ford,Fiesta,2013,11,6520,Manual,28411,Diesel,0,76.4,1.5,ford.csv
Ford,Focus,2017,7,10995,Manual,43578,Diesel,0,74.3,1.5,ford.csv
Ford,Focus,2016,8,8691,Manual,46038,Diesel,0,74.3,1.5,ford.csv
Ford,Focus,2016,8,8997,Manual,44139,Diesel,0,74.3,1.5,ford.csv
Ford,Focus,2017,7,12091,Manual,25250,Diesel,0,74.3,1.5,ford.csv
Ford,Fiesta,2013,11,7750,Manual,31933,Diesel,0,78.5,1.6,ford.csv
Ford,Fiesta,2013,11,4998,Manual,74512,Diesel,0,76.4,1.5,ford.csv
Ford,Fiesta,2016,8,6298,Manual,69801,Diesel,0,88.3,1.5,ford.csv
Ford,Fiesta,2015,9,7995,Manual,59255,Diesel,0,88.3,1.5,ford.csv
Ford,Focus,2016,8,10000,Manual,39417,Diesel,0,74.3,1.5,ford.csv
Ford,Focus,2017,7,10178,Manual,19325,Diesel,0,74.3,1.5,ford.csv
Ford,Fiesta,2016,8,6998,Manual,60964,Diesel,0,88.3,1.5,ford.csv
Ford,Fiesta,2013,11,6465,Manual,43500,Diesel,0,76.4,1.5,ford.csv
Ford,Fiesta,2016,8,6991,Manual,54039,Diesel,0,88.3,1.5,ford.csv
Ford,Focus,2016,8,10391,Manual,33589,Diesel,0,74.3,1.5,ford.csv
Ford,Fiesta,2014,10,6998,Manual,32677,Diesel,0,76.4,1.5,ford.csv
Ford,Focus,2015,9,7798,Manual,43287,Diesel,0,74.3,1.5,ford.csv
Ford,Focus,2017,7,11291,Manual,17904,Diesel,0,74.3,1.5,ford.csv
Ford,Focus,2015,9,8699,Manual,48000,Diesel,0,74.3,1.5,ford.csv
Ford,Focus,2016,8,10955,Manual,41394,Diesel,0,74.3,1.5,ford.csv
Ford,Fiesta,2014,10,6940,Manual,27224,Diesel,0,76.4,1.5,ford.csv
Ford,Focus,2015,9,9491,Manual,27455,Diesel,0,74.3,1.5,ford.csv
Ford,Focus,2017,7,11990,Manual,17212,Diesel,0,74.3,1.5,ford.csv
Ford,Focus,2017,7,10491,Manual,29300,Diesel,0,74.3,1.5,ford.csv
Ford,Focus,2015,9,8650,Manual,47907,Diesel,0,74.3,1.5,ford.csv
Ford,Fiesta,2016,8,9851,Manual,28581,Diesel,0,78.5,1.5,ford.csv
Ford,Focus,2016,8,10990,Manual,30353,Diesel,0,74.3,1.5,ford.csv
Ford,Focus,2017,7,12490,Manual,35981,Diesel,0,74.3,1.5,ford.csv
Ford,Focus,2017,7,11291,Manual,17555,Diesel,0,74.3,1.5,ford.csv
Ford,Focus,2016,8,9292,Semi-Auto,46636,Diesel,0,67.3,1.5,ford.csv
Ford,Focus,2016,8,10190,Manual,18560,Diesel,0,74.3,1.5,ford.csv
Ford,Focus,2016,8,9400,Manual,32718,Diesel,0,74.3,1.5,ford.csv
Ford,Fiesta,2015,9,7610,Manual,41758,Diesel,0,88.3,1.5,ford.csv
Ford,Focus,2015,9,6250,Manual,82446,Diesel,0,74.3,1.5,ford.csv
Ford,Fiesta,2014,10,6750,Manual,40998,Diesel,0,76.4,1.5,ford.csv
Ford,Fiesta,2014,10,5340,Manual,76298,Diesel,0,76.4,1.5,ford.csv
Ford,B-MAX,2015,9,8499,Manual,23266,Diesel,0,74.4,1.5,ford.csv
Ford,Focus,2017,7,9000,Manual,54900,Diesel,0,74.3,1.5,ford.csv
Ford,Focus,2017,7,9550,Manual,28414,Diesel,0,74.3,1.5,ford.csv
Ford,Focus,2016,8,8999,Manual,45934,Diesel,0,74.3,1.5,ford.csv
Ford,Fiesta,2016,8,8399,Manual,27928,Diesel,0,78.5,1.5,ford.csv
Ford,Focus,2017,7,11499,Manual,21063,Diesel,0,74.3,1.5,ford.csv
Ford,Fiesta,2014,10,6497,Manual,52293,Diesel,0,78.5,1.6,ford.csv
Ford,Focus,2016,8,9997,Manual,30085,Diesel,0,74.3,1.5,ford.csv
Ford,Fiesta,2014,10,6200,Manual,49939,Diesel,0,78.5,1.6,ford.csv
Ford,Fiesta,2015,9,7160,Manual,43441,Diesel,0,88.3,1.5,ford.csv
Ford,Fiesta,2016,8,10497,Manual,9920,Diesel,0,78.5,1.5,ford.csv
Ford,Focus,2016,8,8830,Manual,33980,Diesel,0,74.3,1.5,ford.csv
Ford,Focus,2017,7,11498,Manual,22876,Diesel,0,74.3,1.5,ford.csv
Ford,Focus,2016,8,9890,Manual,20058,Diesel,0,74.3,1.5,ford.csv
Ford,Focus,2016,8,9470,Manual,40519,Diesel,0,74.3,1.5,ford.csv
Ford,Focus,2015,9,8998,Manual,25199,Diesel,0,74.3,1.5,ford.csv
Ford,Focus,2016,8,9599,Manual,25625,Diesel,0,74.3,1.5,ford.csv
Ford,Focus,2017,7,10698,Manual,41068,Diesel,0,74.3,1.5,ford.csv
Ford,Fiesta,2016,8,7498,Manual,35075,Diesel,0,78.5,1.5,ford.csv
Ford,Focus,2015,9,7995,Manual,48000,Diesel,0,74.3,1.5,ford.csv
Ford,Fiesta,2013,11,5495,Manual,63980,Diesel,0,76.4,1.5,ford.csv
Ford,Focus,2015,9,6990,Manual,66992,Diesel,0,74.3,1.5,ford.csv
Ford,Fiesta,2017,7,9498,Manual,13705,Diesel,0,78.5,1.5,ford.csv
Ford,Focus,2016,8,9298,Manual,46377,Diesel,0,74.3,1.5,ford.csv
Ford,Focus,2017,7,9500,Manual,21861,Diesel,0,74.3,1.5,ford.csv
Ford,Focus,2014,10,6701,Manual,50000,Diesel,0,76.4,1.6,ford.csv
Ford,Focus,2015,9,8000,Manual,51194,Diesel,0,74.3,1.5,ford.csv
Ford,B-MAX,2016,8,8137,Manual,22034,Diesel,0,74.4,1.5,ford.csv
Ford,Mondeo,2016,8,9970,Manual,54719,Diesel,0,78.5,1.5,ford.csv
Ford,Focus,2015,9,7600,Manual,46660,Diesel,0,74.3,1.5,ford.csv
Ford,B-MAX,2015,9,7870,Manual,21482,Diesel,0,74.4,1.5,ford.csv
Ford,Focus,2016,8,7500,Manual,70709,Diesel,0,74.3,1.5,ford.csv
Ford,Focus,2015,9,8151,Manual,65121,Diesel,0,74.3,1.5,ford.csv
Ford,Fiesta,2016,8,5991,Manual,70658,Diesel,0,78.5,1.5,ford.csv
Ford,Focus,2017,7,10250,Manual,24659,Diesel,0,74.3,1.5,ford.csv
Ford,Fiesta,2015,9,7791,Manual,25233,Diesel,0,78.5,1.5,ford.csv
Ford,Fiesta,2015,9,7390,Manual,17499,Diesel,0,78.5,1.5,ford.csv
Ford,Fiesta,2014,10,6995,Manual,64406,Diesel,0,76.4,1.5,ford.csv
Ford,B-MAX,2016,8,9498,Manual,14853,Diesel,0,74.4,1.5,ford.csv
Ford,Focus,2016,8,7897,Manual,52570,Diesel,0,74.3,1.5,ford.csv
Ford,Focus,2016,8,10142,Manual,31500,Diesel,0,74.3,1.5,ford.csv
Ford,Focus,2016,8,9059,Manual,57477,Diesel,0,74.3,1.5,ford.csv
Ford,Fiesta,2016,8,6998,Manual,38052,Diesel,0,78.5,1.5,ford.csv
Ford,Focus,2015,9,8798,Manual,33539,Diesel,0,74.3,1.5,ford.csv
Ford,Focus,2015,9,8497,Manual,39588,Diesel,0,74.3,1.5,ford.csv
Ford,Focus,2017,7,10390,Manual,30261,Diesel,0,74.3,1.5,ford.csv
Ford,Focus,2015,9,10000,Manual,27097,Diesel,0,74.3,1.5,ford.csv
Ford,Fiesta,2013,11,5591,Manual,40131,Diesel,0,76.4,1.5,ford.csv
Ford,Fiesta,2013,11,5990,Manual,55211,Diesel,0,85.6,1.6,ford.csv
Ford,Focus,2017,7,11498,Manual,15430,Diesel,0,74.3,1.5,ford.csv
Ford,Focus,2016,8,8498,Manual,49974,Diesel,0,74.3,1.5,ford.csv
Ford,Focus,2016,8,9450,Manual,15545,Diesel,0,74.3,1.5,ford.csv
Ford,Fiesta,2016,8,7991,Manual,48426,Diesel,0,78.5,1.5,ford.csv
Ford,B-MAX,2016,8,7220,Manual,25852,Diesel,0,74.3,1.5,ford.csv
Ford,Fiesta,2014,10,5207,Manual,71357,Diesel,0,76.4,1.5,ford.csv
Ford,Focus,2015,9,6730,Manual,65825,Diesel,0,74.3,1.5,ford.csv
Ford,Fiesta,2016,8,7998,Manual,26490,Diesel,0,78.5,1.5,ford.csv
Ford,Fiesta,2017,7,9440,Manual,10655,Diesel,0,88.3,1.5,ford.csv
Ford,B-MAX,2017,7,9291,Manual,23015,Diesel,0,74.3,1.5,ford.csv
Ford,Focus,2015,9,7380,Manual,50360,Diesel,0,74.3,1.5,ford.csv
Ford,Fiesta,2017,7,8691,Manual,34216,Diesel,0,88.3,1.5,ford.csv
Ford,Fiesta,2016,8,7491,Manual,36343,Diesel,0,88.3,1.5,ford.csv
Ford,Fiesta,2017,7,10391,Manual,6577,Diesel,0,78.5,1.5,ford.csv
Ford,Mondeo,2015,9,7130,Manual,79622,Diesel,0,78.5,1.6,ford.csv
Ford,Focus,2017,7,11491,Manual,19399,Diesel,0,74.3,1.5,ford.csv
Ford,Fiesta,2017,7,10270,Manual,14630,Diesel,0,78.5,1.5,ford.csv
Ford,Focus,2015,9,8270,Manual,33203,Diesel,0,74.3,1.5,ford.csv
Ford,Focus,2016,8,8600,Manual,46923,Diesel,0,74.3,1.5,ford.csv
Ford,Fiesta,2017,7,9891,Manual,9811,Diesel,0,78.5,1.5,ford.csv
Ford,Mondeo,2016,8,10350,Manual,18242,Diesel,0,78.5,1.5,ford.csv
Ford,Mondeo,2016,8,9930,Manual,40214,Diesel,0,78.5,1.5,ford.csv
Ford,Focus,2016,8,9910,Manual,56798,Diesel,0,74.3,1.5,ford.csv
Ford,Focus,2016,8,8780,Manual,37460,Diesel,0,74.3,1.5,ford.csv
Ford,Focus,2016,8,9000,Manual,34475,Diesel,0,74.3,1.5,ford.csv
Ford,Focus,2017,7,10995,Manual,21020,Diesel,0,74.3,1.5,ford.csv
Ford,Fiesta,2015,9,7691,Manual,31048,Diesel,0,76.4,1.5,ford.csv
Ford,Mondeo,2015,9,6491,Manual,68535,Diesel,0,78.5,1.6,ford.csv
Ford,Focus,2016,8,10491,Manual,30970,Diesel,0,74.3,1.5,ford.csv
Ford,Focus,2017,7,10991,Manual,29865,Diesel,0,74.3,1.5,ford.csv
Ford,Fiesta,2017,7,9370,Manual,13850,Diesel,0,88.3,1.5,ford.csv
Ford,Focus,2015,9,8540,Manual,50004,Diesel,0,74.3,1.5,ford.csv
Ford,Focus,2015,9,7500,Manual,73831,Diesel,0,74.3,1.5,ford.csv
Ford,Focus,2016,8,10291,Manual,25957,Diesel,0,74.3,1.5,ford.csv
Ford,Fiesta,2016,8,9947,Manual,24040,Diesel,0,78.5,1.5,ford.csv
Ford,Focus,2017,7,10620,Manual,29475,Diesel,0,74.3,1.5,ford.csv
Ford,Fiesta,2016,8,12495,Manual,3338,Diesel,0,78.5,1.5,ford.csv
Ford,Focus,2016,8,10790,Automatic,32294,Diesel,0,74.3,1.5,ford.csv
Ford,Fiesta,2016,8,7230,Manual,52478,Diesel,0,88.3,1.5,ford.csv
Ford,Focus,2015,9,8500,Manual,32620,Diesel,0,74.3,1.5,ford.csv
Ford,Fiesta,2017,7,10500,Manual,22420,Diesel,0,78.5,1.5,ford.csv
Ford,Fiesta,2017,7,7480,Manual,47959,Diesel,0,78.5,1.5,ford.csv
Ford,Fiesta,2015,9,6690,Manual,50437,Diesel,0,76.4,1.5,ford.csv
Ford,Focus,2015,9,8498,Manual,25169,Diesel,0,74.3,1.5,ford.csv
Ford,Focus,2016,8,8500,Manual,61087,Diesel,0,74.3,1.5,ford.csv
Ford,Focus,2016,8,9082,Manual,41940,Diesel,0,74.3,1.5,ford.csv
Ford,Fiesta,2013,11,6840,Manual,32672,Diesel,0,76.4,1.5,ford.csv
Ford,Focus,2016,8,8750,Manual,46507,Diesel,0,74.3,1.5,ford.csv
Ford,Fiesta,2015,9,7650,Manual,18397,Diesel,0,76.4,1.5,ford.csv
Ford,Focus,2014,10,7800,Manual,51443,Diesel,0,74.3,1.5,ford.csv
Ford,Focus,2017,7,11920,Semi-Auto,10672,Diesel,0,74.3,1.5,ford.csv
Ford,Focus,2017,7,10000,Manual,24670,Diesel,0,74.3,1.5,ford.csv
Ford,Focus,2016,8,9677,Manual,30088,Diesel,0,74.3,1.5,ford.csv
Ford,Mondeo,2015,9,9291,Manual,68560,Diesel,0,78.5,1.5,ford.csv
Ford,Fiesta,2016,8,9795,Manual,27580,Diesel,0,78.5,1.5,ford.csv
Ford,Focus,2017,7,9940,Manual,25887,Diesel,0,74.3,1.5,ford.csv
Ford,Focus,2015,9,6980,Manual,61689,Diesel,0,74.3,1.5,ford.csv
Ford,Focus,2015,9,8490,Manual,65273,Diesel,0,74.3,1.5,ford.csv
Ford,Focus,2016,8,9250,Manual,41020,Diesel,0,74.3,1.5,ford.csv
Ford,Focus,2016,8,10350,Manual,19508,Diesel,0,74.3,1.5,ford.csv
Ford,Fiesta,2014,10,6998,Manual,33393,Diesel,0,76.4,1.5,ford.csv
Ford,Focus,2015,9,9498,Manual,22224,Diesel,0,74.3,1.5,ford.csv
Ford,B-MAX,2016,8,8139,Manual,25745,Diesel,0,74.4,1.5,ford.csv
Ford,Focus,2017,7,10499,Manual,16016,Diesel,0,74.3,1.5,ford.csv
Ford,Focus,2016,8,9499,Manual,29299,Diesel,0,74.3,1.5,ford.csv
Ford,Focus,2015,9,8500,Manual,24004,Diesel,0,74.3,1.5,ford.csv
Ford,Fiesta,2015,9,8220,Manual,18240,Diesel,0,85.6,1.6,ford.csv
Ford,Mondeo,2016,8,7490,Manual,80085,Diesel,0,78.5,1.5,ford.csv
Ford,B-MAX,2017,7,7720,Manual,50074,Diesel,0,74.4,1.5,ford.csv
Ford,Focus,2016,8,11795,Manual,22220,Diesel,0,74.3,1.5,ford.csv
Ford,Focus,2015,9,7990,Manual,39621,Diesel,0,74.3,1.5,ford.csv
Ford,Focus,2016,8,10390,Manual,31589,Diesel,0,74.3,1.5,ford.csv
Ford,Fiesta,2016,8,9840,Manual,21838,Diesel,0,78.5,1.5,ford.csv
Ford,Mondeo,2016,8,11000,Manual,26906,Diesel,0,78.5,1.5,ford.csv
Ford,Fiesta,2014,10,5391,Manual,89936,Diesel,0,78.5,1.6,ford.csv
Ford,Focus,2015,9,8810,Manual,45463,Diesel,0,74.3,1.5,ford.csv
Ford,Fiesta,2015,9,7395,Manual,38185,Diesel,0,78.5,1.5,ford.csv
Ford,Fiesta,2017,7,9750,Manual,19476,Diesel,0,78.5,1.5,ford.csv
Ford,Focus,2017,7,11000,Manual,19239,Diesel,0,74.3,1.5,ford.csv
Ford,Fiesta,2016,8,9295,Manual,36500,Diesel,0,78.5,1.5,ford.csv
Ford,Fiesta,2016,8,8000,Manual,33048,Diesel,0,78.5,1.5,ford.csv
Ford,Fiesta,2016,8,8870,Manual,20000,Diesel,0,78.5,1.5,ford.csv
Ford,Fiesta,2017,7,6760,Manual,63998,Diesel,0,78.5,1.5,ford.csv
Ford,Focus,2015,9,8467,Manual,61949,Diesel,0,74.3,1.5,ford.csv
Ford,Fiesta,2016,8,7150,Manual,59607,Diesel,0,88.3,1.5,ford.csv
Ford,Focus,2017,7,11799,Manual,21069,Diesel,0,74.3,1.5,ford.csv
Ford,Focus,2015,9,9995,Manual,32121,Diesel,0,74.3,1.5,ford.csv
Ford,Focus,2015,9,8982,Manual,47861,Diesel,0,74.3,1.5,ford.csv
Ford,Mondeo,2015,9,9022,Manual,60000,Diesel,0,78.5,1.5,ford.csv
Ford,Focus,2015,9,9300,Manual,20770,Diesel,0,74.3,1.5,ford.csv
Ford,Focus,2016,8,7582,Manual,66477,Diesel,0,74.3,1.5,ford.csv
Ford,Focus,2016,8,8882,Manual,39753,Diesel,0,74.3,1.5,ford.csv
Ford,Focus,2016,8,9499,Manual,32113,Diesel,0,74.3,1.5,ford.csv
Ford,Focus,2016,8,9000,Manual,30170,Diesel,0,74.3,1.5,ford.csv
Ford,Focus,2017,7,9780,Manual,33432,Diesel,0,74.3,1.5,ford.csv
Ford,Fiesta,2014,10,6800,Manual,26745,Diesel,0,76.4,1.5,ford.csv
Ford,Fiesta,2014,10,6191,Manual,51977,Diesel,0,76.4,1.5,ford.csv
Ford,Fiesta,2017,7,8498,Manual,28637,Diesel,0,78.5,1.5,ford.csv
Ford,Focus,2016,8,10498,Manual,26076,Diesel,0,74.3,1.5,ford.csv
Ford,Focus,2017,7,10998,Manual,16276,Diesel,0,74.3,1.5,ford.csv
Ford,Focus,2017,7,11998,Manual,18123,Diesel,0,74.3,1.5,ford.csv
Ford,Mondeo,2016,8,9199,Manual,49875,Diesel,0,78.5,1.5,ford.csv
Ford,Focus,2017,7,11499,Manual,21063,Diesel,0,74.3,1.5,ford.csv
Ford,Fiesta,2013,11,7700,Manual,27328,Diesel,0,76.4,1.5,ford.csv
Ford,Fiesta,2014,10,7100,Manual,34000,Diesel,0,85.6,1.6,ford.csv
Ford,B-MAX,2016,8,9500,Manual,18755,Diesel,0,74.4,1.5,ford.csv
Ford,Focus,2015,9,9999,Manual,29391,Diesel,0,74.3,1.5,ford.csv
Ford,Fiesta,2016,8,8999,Manual,54927,Diesel,0,78.5,1.5,ford.csv
Ford,Fiesta,2016,8,8999,Manual,54927,Diesel,0,78.5,1.5,ford.csv
Ford,B-MAX,2017,7,9030,Manual,24000,Diesel,0,74.3,1.5,ford.csv
Ford,Fiesta,2013,11,6298,Manual,40803,Diesel,0,76.4,1.5,ford.csv
Ford,Focus,2017,7,11998,Manual,29826,Diesel,0,74.3,1.5,ford.csv
Ford,Focus,2017,7,11298,Manual,22480,Diesel,0,74.3,1.5,ford.csv
Ford,Focus,2016,8,10498,Manual,16192,Diesel,0,74.3,1.5,ford.csv
Ford,Focus,2016,8,9040,Manual,43960,Diesel,0,74.3,1.5,ford.csv
Ford,Focus,2016,8,7798,Manual,63664,Diesel,0,74.3,1.5,ford.csv
Ford,Fiesta,2017,7,10999,Manual,25137,Diesel,0,78.5,1.5,ford.csv
Ford,Focus,2016,8,9499,Manual,55790,Diesel,0,74.3,1.5,ford.csv
Ford,B-MAX,2017,7,9999,Manual,23211,Diesel,0,74.3,1.5,ford.csv
Ford,Focus,2016,8,9499,Manual,32113,Diesel,0,74.3,1.5,ford.csv
Ford,Focus,2016,8,7499,Manual,90007,Diesel,0,74.3,1.5,ford.csv
Ford,Focus,2015,9,9999,Manual,29389,Diesel,0,74.3,1.5,ford.csv
Ford,Fiesta,2016,8,8399,Manual,27928,Diesel,0,78.5,1.5,ford.csv
Ford,Focus,2016,8,10083,Manual,23126,Diesel,0,74.3,1.5,ford.csv
Ford,Focus,2017,7,10991,Manual,23372,Diesel,0,74.3,1.5,ford.csv
Ford,Focus,2015,9,7991,Manual,57291,Diesel,0,74.3,1.5,ford.csv
Ford,Focus,2016,8,8690,Manual,44943,Diesel,0,74.3,1.5,ford.csv
Ford,Focus,2017,7,10400,Manual,7845,Diesel,0,74.3,1.5,ford.csv
Ford,Fiesta,2013,11,6191,Manual,45250,Diesel,0,85.6,1.6,ford.csv
Ford,Focus,2016,8,9780,Manual,41151,Diesel,0,74.3,1.5,ford.csv
Ford,Fiesta,2016,8,7770,Manual,39916,Diesel,0,78.5,1.5,ford.csv
Ford,Fiesta,2014,10,6695,Manual,50016,Diesel,0,78.5,1.6,ford.csv
Ford,Focus,2016,8,7890,Manual,36329,Diesel,0,74.3,1.5,ford.csv
Ford,Focus,2016,8,7999,Manual,27511,Diesel,0,74.3,1.5,ford.csv
Ford,Focus,2017,7,11998,Manual,14895,Diesel,0,74.3,1.5,ford.csv
Ford,Focus,2016,8,9991,Manual,47477,Diesel,0,74.3,1.5,ford.csv
Ford,Mondeo,2016,8,10695,Manual,44298,Diesel,0,74.3,1.5,ford.csv
Ford,Focus,2016,8,10495,Manual,41741,Diesel,0,74.3,1.5,ford.csv
Ford,Fiesta,2017,7,8492,Manual,33847,Diesel,0,78.5,1.5,ford.csv
Ford,Fiesta,2017,7,11291,Manual,10167,Diesel,0,78.5,1.5,ford.csv
Ford,Fiesta,2016,8,9291,Manual,39675,Diesel,0,78.5,1.5,ford.csv
Ford,Fiesta,2016,8,8895,Manual,20240,Diesel,0,88.3,1.5,ford.csv
Ford,Focus,2016,8,8995,Manual,35638,Diesel,0,74.3,1.5,ford.csv
Ford,Focus,2016,8,10695,Manual,19518,Diesel,0,74.3,1.5,ford.csv
Ford,Fiesta,2017,7,8995,Manual,17103,Diesel,0,78.5,1.5,ford.csv
Ford,Mondeo,2017,7,10495,Manual,38633,Diesel,0,78.5,1.5,ford.csv
Ford,Focus,2017,7,8995,Manual,60680,Diesel,0,74.3,1.5,ford.csv
Ford,Focus,2016,8,8995,Manual,33744,Diesel,0,74.3,1.5,ford.csv
Ford,Fiesta,2014,10,6491,Manual,48319,Diesel,0,76.4,1.5,ford.csv
Ford,Focus,2015,9,9291,Manual,51731,Diesel,0,74.3,1.5,ford.csv
Ford,Fiesta,2017,7,8695,Manual,30078,Diesel,0,78.5,1.5,ford.csv
Ford,Focus,2016,8,9698,Manual,23243,Diesel,0,74.3,1.5,ford.csv
Ford,B-MAX,2017,7,8600,Manual,28820,Diesel,0,74.4,1.5,ford.csv
Ford,B-MAX,2016,8,8998,Manual,12309,Diesel,0,74.4,1.5,ford.csv
Ford,Fiesta,2016,8,6800,Manual,45040,Diesel,0,78.5,1.5,ford.csv
Ford,Fiesta,2013,11,5640,Manual,55568,Diesel,0,76.4,1.5,ford.csv
Ford,Focus,2014,10,6936,Manual,71250,Diesel,0,74.3,1.5,ford.csv
Ford,Focus,2015,9,6920,Manual,62251,Diesel,0,74.3,1.5,ford.csv
Ford,Focus,2016,8,8591,Manual,43200,Diesel,0,74.3,1.5,ford.csv
Ford,Focus,2016,8,8991,Manual,41429,Diesel,0,74.3,1.5,ford.csv
Ford,Focus,2015,9,6598,Manual,71314,Diesel,0,74.3,1.5,ford.csv
Ford,Focus,2017,7,10499,Manual,35047,Diesel,0,74.3,1.5,ford.csv
Ford,Fiesta,2014,10,5788,Manual,52587,Diesel,0,85.6,1.6,ford.csv
Ford,Fiesta,2015,9,9500,Manual,19613,Diesel,0,78.5,1.5,ford.csv
Ford,Focus,2017,7,10100,Manual,20800,Diesel,0,74.3,1.5,ford.csv
Ford,Focus,2017,7,11698,Manual,32557,Diesel,0,74.3,1.5,ford.csv
Ford,Focus,2017,7,11698,Manual,17398,Diesel,0,74.3,1.5,ford.csv
Ford,Focus,2017,7,11000,Manual,21582,Diesel,0,74.3,1.5,ford.csv
Ford,Focus,2015,9,8400,Manual,43265,Diesel,0,74.3,1.5,ford.csv
Ford,Fiesta,2016,8,10137,Manual,22856,Diesel,0,78.5,1.5,ford.csv
Ford,Fiesta,2016,8,8295,Manual,29140,Diesel,0,78.5,1.5,ford.csv
Ford,B-MAX,2017,7,8998,Manual,24096,Diesel,0,74.3,1.5,ford.csv
Ford,Focus,2016,8,10400,Manual,24800,Diesel,0,74.3,1.5,ford.csv
Ford,Fiesta,2016,8,9800,Manual,24889,Diesel,0,78.5,1.5,ford.csv
Ford,Fiesta,2013,11,6491,Manual,51988,Diesel,0,78.5,1.6,ford.csv
Ford,Focus,2016,8,10300,Manual,23260,Diesel,0,74.3,1.5,ford.csv
Ford,Focus,2015,9,9250,Manual,54700,Diesel,0,74.3,1.5,ford.csv
Ford,Focus,2015,9,8495,Manual,59865,Diesel,0,74.3,1.5,ford.csv
Ford,Focus,2015,9,6350,Manual,78968,Diesel,0,74.3,1.5,ford.csv
Ford,Focus,2015,9,7998,Manual,69433,Diesel,0,74.3,1.5,ford.csv
Ford,Mondeo,2016,8,9999,Manual,29729,Diesel,0,78.5,1.5,ford.csv
Ford,Fiesta,2017,7,9998,Manual,32336,Diesel,0,78.5,1.5,ford.csv
Ford,Fiesta,2013,11,6260,Manual,33550,Diesel,0,76.4,1.5,ford.csv
Ford,Fiesta,2017,7,8499,Manual,28568,Diesel,0,78.5,1.5,ford.csv
Ford,Focus,2016,8,8100,Manual,59510,Diesel,0,74.3,1.5,ford.csv
Ford,Mondeo,2015,9,7210,Manual,79700,Diesel,0,78.5,1.6,ford.csv
Ford,Focus,2016,8,8500,Manual,50605,Diesel,0,74.3,1.5,ford.csv
Ford,Focus,2017,7,10200,Manual,13219,Diesel,0,74.3,1.5,ford.csv
Ford,Focus,2017,7,12590,Semi-Auto,14478,Diesel,0,74.3,1.5,ford.csv
Ford,Fiesta,2016,8,6592,Manual,64753,Diesel,0,78.5,1.5,ford.csv
Ford,Focus,2017,7,10480,Manual,30526,Diesel,0,74.3,1.5,ford.csv
Ford,B-MAX,2016,8,8200,Manual,23002,Diesel,0,74.4,1.5,ford.csv
Ford,Focus,2016,8,9990,Semi-Auto,32618,Diesel,0,74.3,1.5,ford.csv
Ford,Fiesta,2015,9,5800,Manual,71200,Diesel,0,78.5,1.5,ford.csv
Ford,Fiesta,2016,8,9950,Manual,21105,Diesel,0,78.5,1.5,ford.csv
Ford,Focus,2017,7,11900,Manual,11574,Diesel,0,74.3,1.5,ford.csv
Ford,Fiesta,2014,10,7495,Manual,29840,Diesel,0,76.4,1.5,ford.csv
Ford,Focus,2015,9,7890,Manual,47325,Diesel,0,74.3,1.5,ford.csv
Ford,Focus,2015,9,7250,Manual,66144,Diesel,0,74.3,1.5,ford.csv
Ford,B-MAX,2016,8,9500,Manual,23288,Diesel,0,74.4,1.5,ford.csv
Ford,B-MAX,2016,8,9400,Manual,13488,Diesel,0,74.3,1.5,ford.csv
Ford,Fiesta,2017,7,10000,Manual,38386,Diesel,0,78.5,1.5,ford.csv
Ford,Focus,2015,9,9000,Manual,56369,Diesel,0,74.3,1.5,ford.csv
Ford,Fiesta,2013,11,6295,Manual,46797,Diesel,0,85.6,1.6,ford.csv
Ford,Focus,2016,8,7995,Manual,51217,Diesel,0,74.3,1.5,ford.csv
Ford,Focus,2017,7,10995,Manual,24006,Diesel,0,74.3,1.5,ford.csv
Ford,Focus,2016,8,8900,Manual,44876,Diesel,0,74.3,1.5,ford.csv
Ford,Focus,2015,9,8295,Manual,59451,Diesel,0,74.3,1.5,ford.csv
Ford,Focus,2016,8,8440,Manual,53530,Diesel,0,74.3,1.5,ford.csv
Ford,Focus,2016,8,9640,Manual,24920,Diesel,0,74.3,1.5,ford.csv
Ford,Focus,2016,8,8620,Manual,42610,Diesel,0,74.3,1.5,ford.csv
Ford,Focus,2017,7,10400,Manual,21060,Diesel,0,74.3,1.5,ford.csv
Ford,Focus,2016,8,8700,Manual,40580,Diesel,0,74.3,1.5,ford.csv
Ford,Fiesta,2015,9,6970,Manual,54790,Diesel,0,88.3,1.5,ford.csv
Ford,Fiesta,2016,8,7550,Manual,45000,Diesel,0,78.5,1.5,ford.csv
Ford,Focus,2016,8,8995,Manual,37000,Diesel,0,74.3,1.5,ford.csv
Ford,Fiesta,2017,7,8995,Manual,7501,Diesel,0,78.5,1.5,ford.csv
Ford,Fiesta,2017,7,10295,Manual,22608,Diesel,0,78.5,1.5,ford.csv
Ford,Fiesta,2016,8,10790,Manual,15882,Diesel,0,78.5,1.5,ford.csv
Ford,Focus,2015,9,10270,Manual,18653,Diesel,0,74.3,1.5,ford.csv
Ford,Focus,2015,9,7495,Manual,56329,Diesel,0,74.3,1.5,ford.csv
Ford,Focus,2017,7,8700,Manual,45450,Diesel,0,74.3,1.5,ford.csv
Ford,Fiesta,2016,8,9060,Manual,17193,Diesel,0,78.5,1.5,ford.csv
Ford,Focus,2017,7,11728,Manual,9340,Diesel,0,74.3,1.5,ford.csv
Ford,Fiesta,2016,8,8000,Manual,45375,Diesel,0,78.5,1.5,ford.csv
Ford,Fiesta,2016,8,6991,Manual,52398,Diesel,0,78.5,1.5,ford.csv
Ford,B-MAX,2016,8,8350,Manual,17303,Diesel,0,74.4,1.5,ford.csv
Ford,Focus,2016,8,9995,Manual,7905,Diesel,0,74.3,1.5,ford.csv
Ford,Focus,2016,8,10250,Manual,34297,Diesel,0,74.3,1.5,ford.csv
Ford,Focus,2016,8,9995,Manual,35286,Diesel,0,74.3,1.5,ford.csv
Ford,Fiesta,2015,9,9800,Manual,18136,Diesel,0,88.3,1.5,ford.csv
Ford,Focus,2017,7,11995,Manual,22081,Diesel,0,74.3,1.5,ford.csv
Ford,Mondeo,2015,9,10700,Manual,29980,Diesel,0,78.5,1.5,ford.csv
Ford,Focus,2016,8,7700,Manual,64918,Diesel,0,74.3,1.5,ford.csv
Ford,Focus,2015,9,7810,Manual,66990,Diesel,0,74.3,1.5,ford.csv
Ford,Fiesta,2013,11,7568,Manual,17490,Diesel,0,78.5,1.6,ford.csv
Ford,Fiesta,2013,11,5295,Manual,70296,Diesel,0,76.4,1.5,ford.csv
Ford,Mondeo,2016,8,11491,Manual,47224,Diesel,0,74.3,1.5,ford.csv
Ford,Focus,2016,8,9270,Manual,16327,Diesel,0,83.1,1.5,ford.csv
Ford,Focus,2015,9,7660,Manual,45878,Diesel,0,74.3,1.5,ford.csv
Ford,Focus,2016,8,10300,Manual,14896,Diesel,0,74.3,1.5,ford.csv
Ford,Focus,2016,8,7730,Manual,55923,Diesel,0,74.3,1.5,ford.csv
Ford,Fiesta,2016,8,7691,Manual,49030,Diesel,0,88.3,1.5,ford.csv
Ford,Focus,2016,8,9160,Manual,31410,Diesel,0,74.3,1.5,ford.csv
Ford,Focus,2015,9,7000,Manual,54724,Diesel,0,74.3,1.5,ford.csv
Ford,B-MAX,2016,8,7690,Manual,27519,Diesel,0,74.3,1.5,ford.csv
Ford,Focus,2015,9,6399,Manual,84000,Diesel,0,74.3,1.5,ford.csv
Ford,Fiesta,2015,9,8920,Manual,23068,Diesel,0,78.5,1.5,ford.csv
Ford,Fiesta,2017,7,8830,Manual,40505,Diesel,0,78.5,1.5,ford.csv
Ford,Fiesta,2016,8,7010,Manual,47312,Diesel,0,88.3,1.5,ford.csv
Ford,Focus,2015,9,6645,Manual,72000,Diesel,0,74.3,1.5,ford.csv
Ford,Fiesta,2017,7,7750,Manual,48616,Diesel,0,78.5,1.5,ford.csv
Ford,Focus,2016,8,8999,Manual,46101,Diesel,0,74.3,1.5,ford.csv
Ford,Mondeo,2015,9,9999,Manual,44419,Diesel,0,78.5,1.5,ford.csv
Ford,Focus,2015,9,8499,Manual,50502,Diesel,0,74.3,1.5,ford.csv
Ford,Fiesta,2016,8,8999,Manual,30209,Diesel,0,78.5,1.5,ford.csv
Ford,Focus,2016,8,9000,Manual,35756,Diesel,0,74.3,1.5,ford.csv
Ford,Focus,2017,7,11499,Manual,28604,Diesel,0,74.3,1.5,ford.csv
Ford,Fiesta,2017,7,10699,Manual,21913,Diesel,0,78.5,1.5,ford.csv
Ford,Focus,2016,8,11784,Manual,6000,Diesel,0,74.3,1.5,ford.csv
Ford,Focus,2017,7,9999,Manual,70348,Diesel,0,74.3,1.5,ford.csv
Ford,Focus,2017,7,11550,Semi-Auto,30973,Diesel,0,74.3,1.5,ford.csv
Ford,Focus,2017,7,11500,Manual,22075,Diesel,0,74.3,1.5,ford.csv
Ford,Fiesta,2016,8,8499,Manual,36158,Diesel,0,88.3,1.5,ford.csv
Ford,Focus,2017,7,11599,Manual,36539,Diesel,0,74.3,1.5,ford.csv
Ford,Focus,2014,10,8500,Manual,44654,Diesel,0,74.3,1.5,ford.csv
Ford,Focus,2017,7,10699,Manual,22625,Diesel,0,74.3,1.5,ford.csv
Ford,B-MAX,2017,7,8400,Manual,22682,Diesel,0,74.4,1.5,ford.csv
Ford,Focus,2017,7,10799,Manual,32194,Diesel,0,74.3,1.5,ford.csv
Ford,Focus,2015,9,6999,Manual,65419,Diesel,0,74.3,1.5,ford.csv
Ford,Mondeo,2016,8,9499,Manual,61223,Diesel,0,78.5,1.5,ford.csv
Ford,Focus,2017,7,11199,Manual,22625,Diesel,0,74.3,1.5,ford.csv
Ford,Focus,2015,9,8250,Manual,39557,Diesel,0,74.3,1.5,ford.csv
Ford,Fiesta,2014,10,7190,Manual,40885,Diesel,0,76.4,1.5,ford.csv
Ford,Focus,2015,9,8499,Manual,70232,Diesel,0,74.3,1.5,ford.csv
Ford,Fiesta,2016,8,7490,Manual,45853,Diesel,0,88.3,1.5,ford.csv
Ford,Fiesta,2014,10,6970,Manual,42894,Diesel,0,76.4,1.5,ford.csv
Ford,Focus,2017,7,10995,Manual,36704,Diesel,0,74.3,1.5,ford.csv
Ford,Fiesta,2015,9,6495,Manual,58693,Diesel,0,78.5,1.6,ford.csv
Ford,Focus,2017,7,12490,Manual,25892,Diesel,0,74.3,1.5,ford.csv
Ford,Focus,2016,8,9990,Manual,25580,Diesel,0,74.3,1.5,ford.csv
Ford,Focus,2017,7,12495,Manual,23722,Diesel,0,74.3,1.5,ford.csv
Ford,Focus,2016,8,10295,Manual,38113,Diesel,0,74.3,1.5,ford.csv
Ford,Fiesta,2015,9,7490,Manual,24500,Diesel,0,76.4,1.5,ford.csv
Ford,Focus,2017,7,13270,Semi-Auto,11493,Diesel,0,74.3,1.5,ford.csv
Ford,Focus,2017,7,12470,Manual,17603,Diesel,0,74.3,1.5,ford.csv
Ford,Focus,2017,7,10809,Manual,23930,Diesel,0,74.3,1.5,ford.csv
Ford,Focus,2017,7,9999,Manual,35293,Diesel,0,74.3,1.5,ford.csv
Ford,Focus,2016,8,8500,Manual,63199,Diesel,0,74.3,1.5,ford.csv
Ford,Fiesta,2017,7,9420,Manual,26391,Diesel,0,88.3,1.5,ford.csv
Ford,Fiesta,2014,10,5770,Manual,57530,Diesel,0,76.4,1.5,ford.csv
Ford,Focus,2017,7,8500,Manual,57517,Diesel,0,74.3,1.5,ford.csv
Ford,Fiesta,2016,8,8590,Manual,34300,Diesel,0,78.5,1.5,ford.csv
Ford,Focus,2016,8,10999,Semi-Auto,25346,Diesel,0,74.3,1.5,ford.csv
Ford,Fiesta,2016,8,6990,Manual,42708,Diesel,0,88.3,1.5,ford.csv
Ford,Fiesta,2013,11,7499,Manual,15546,Diesel,0,76.4,1.5,ford.csv
Ford,Focus,2016,8,9250,Manual,51552,Diesel,0,74.3,1.5,ford.csv
Ford,Focus,2017,7,10000,Manual,22000,Diesel,0,74.3,1.5,ford.csv
Ford,Focus,2017,7,9129,Manual,44897,Diesel,0,74.3,1.5,ford.csv
Ford,Focus,2016,8,11595,Manual,17666,Diesel,0,74.3,1.5,ford.csv
Ford,Fiesta,2014,10,6495,Manual,61713,Diesel,0,78.5,1.6,ford.csv
Ford,Fiesta,2013,11,5500,Manual,79300,Diesel,0,76.4,1.5,ford.csv
Ford,Fiesta,2015,9,7240,Manual,32137,Diesel,0,88.3,1.5,ford.csv
Ford,Fiesta,2014,10,6500,Manual,45000,Diesel,0,85.6,1.6,ford.csv
Ford,Fiesta,2013,11,5500,Manual,70400,Diesel,0,76.4,1.5,ford.csv
Ford,Focus,2017,7,11500,Automatic,36200,Diesel,0,67.3,1.5,ford.csv
Ford,Fiesta,2014,10,6500,Manual,45600,Diesel,0,76.4,1.5,ford.csv
Ford,Focus,2013,11,2995,Manual,130000,Diesel,0,76.4,1.6,ford.csv
Ford,Focus,2017,7,11980,Manual,30680,Diesel,0,74.3,1.5,ford.csv
Ford,Focus,2016,8,9980,Manual,32551,Diesel,0,74.3,1.5,ford.csv
Ford,Focus,2016,8,10480,Manual,29500,Diesel,0,74.3,1.5,ford.csv
Ford,Focus,2017,7,10000,Manual,30000,Diesel,0,74.3,1.5,ford.csv
Ford,Fiesta,2014,10,5995,Manual,66138,Diesel,0,76.4,1.5,ford.csv
Ford,Focus,2017,7,9500,Manual,40096,Diesel,0,74.3,1.5,ford.csv
Ford,Fiesta,2015,9,9480,Manual,37177,Diesel,0,78.5,1.5,ford.csv
Ford,Fiesta,2016,8,9790,Manual,35047,Diesel,0,78.5,1.5,ford.csv
Ford,Focus,2017,7,11290,Manual,29787,Diesel,0,74.3,1.5,ford.csv
Ford,Focus,2016,8,10991,Manual,25152,Diesel,0,74.3,1.5,ford.csv
Ford,Focus,2015,9,10261,Manual,21687,Diesel,0,74.3,1.5,ford.csv
Ford,Fiesta,2013,11,5245,Manual,54000,Diesel,0,76.4,1.5,ford.csv
Ford,Focus,2016,8,9999,Manual,18000,Diesel,0,74.3,1.5,ford.csv
Ford,B-MAX,2017,7,8990,Manual,15999,Diesel,0,74.4,1.5,ford.csv
Ford,Focus,2016,8,8977,Manual,69000,Diesel,0,74.3,1.5,ford.csv
Ford,Mondeo,2016,8,9477,Manual,65000,Diesel,0,78.5,1.5,ford.csv
Ford,Focus,2017,7,10690,Manual,37351,Diesel,0,74.3,1.5,ford.csv
Ford,Focus,2015,9,7990,Manual,42000,Diesel,0,74.3,1.5,ford.csv
Ford,Focus,2015,9,9700,Manual,42741,Diesel,0,74.3,1.5,ford.csv
Ford,Fiesta,2009,15,3995,Manual,29000,Diesel,0,76.3,1.6,ford.csv
Ford,Focus,2016,8,11500,Manual,37446,Diesel,0,74.3,1.5,ford.csv
Ford,Focus,2017,7,12000,Manual,31727,Diesel,0,74.3,1.5,ford.csv
Ford,Focus,2017,7,12000,Manual,31249,Diesel,0,74.3,1.5,ford.csv
Ford,Focus,2015,9,8500,Manual,46342,Diesel,0,74.3,1.5,ford.csv
Ford,Focus,2015,9,6250,Manual,111000,Diesel,0,74.3,1.5,ford.csv
Ford,Focus,2016,8,9400,Manual,43000,Diesel,0,74.3,1.5,ford.csv
Ford,Mondeo,2017,7,11800,Manual,47000,Diesel,0,78.5,1.5,ford.csv
Ford,B-MAX,2015,9,6500,Manual,68000,Diesel,0,74.4,1.5,ford.csv
Ford,Fiesta,2016,8,7550,Manual,46000,Diesel,0,78.5,1.5,ford.csv
Ford,Fiesta,2017,7,7650,Manual,44000,Diesel,0,78.5,1.5,ford.csv
Ford,Fiesta,2013,11,5900,Manual,66000,Diesel,0,85.6,1.6,ford.csv
Ford,Mondeo,2016,8,9500,Manual,78000,Diesel,0,78.5,1.5,ford.csv
Ford,Focus,2016,8,7990,Manual,57000,Diesel,0,74.3,1.5,ford.csv
Ford,Fiesta,2015,9,6990,Manual,28000,Diesel,0,88.3,1.5,ford.csv
Ford,Focus,2016,8,6490,Manual,90000,Diesel,0,74.3,1.5,ford.csv
Ford,Focus,2016,8,8490,Manual,35000,Diesel,0,74.3,1.5,ford.csv
Ford,Focus,2016,8,7990,Manual,52000,Diesel,0,74.3,1.5,ford.csv
Ford,Focus,2015,9,6490,Manual,62000,Diesel,0,74.3,1.5,ford.csv
Ford,Focus,2016,8,7990,Manual,28000,Diesel,0,74.3,1.5,ford.csv
Ford,Mondeo,2016,8,11500,Manual,24000,Diesel,0,78.5,1.5,ford.csv
Ford,Focus,2016,8,9500,Manual,46000,Diesel,0,74.3,1.5,ford.csv
Ford,Focus,2016,8,7990,Manual,32000,Diesel,0,74.3,1.5,ford.csv
Ford,Fiesta,2016,8,5490,Manual,65000,Diesel,0,78.5,1.5,ford.csv
Ford,Focus,2015,9,6990,Manual,48000,Diesel,0,74.3,1.5,ford.csv
Ford,Mondeo,2015,9,7990,Manual,67000,Diesel,0,78.5,1.5,ford.csv
Ford,Focus,2015,9,6490,Manual,69000,Diesel,0,74.3,1.5,ford.csv
Ford,Focus,2016,8,6990,Manual,56000,Diesel,0,74.3,1.5,ford.csv
Ford,Focus,2016,8,7490,Manual,58000,Diesel,0,74.3,1.5,ford.csv
Ford,Focus,2015,9,6490,Manual,69000,Diesel,0,74.3,1.5,ford.csv
Ford,Fiesta,2016,8,5490,Manual,68000,Diesel,0,88.3,1.5,ford.csv
Ford,Fiesta,2017,7,9999,Manual,32000,Diesel,0,78.5,1.5,ford.csv
Ford,B-MAX,2016,8,7636,Manual,21471,Diesel,0,74.3,1.5,ford.csv
Ford,B-MAX,2016,8,8599,Manual,21091,Diesel,0,74.4,1.5,ford.csv
Ford,Focus,2016,8,9799,Manual,22333,Diesel,0,74.3,1.5,ford.csv
Ford,Focus,2016,8,7500,Manual,82955,Diesel,0,74.3,1.5,ford.csv
Ford,Focus,2016,8,7842,Manual,71364,Diesel,0,74.3,1.5,ford.csv
Ford,Focus,2015,9,8495,Manual,40746,Diesel,0,74.3,1.5,ford.csv
Ford,Mondeo,2016,8,10499,Manual,47635,Diesel,0,78.5,1.5,ford.csv
Ford,B-MAX,2016,8,9189,Manual,12444,Diesel,0,74.4,1.5,ford.csv
Ford,Focus,2015,9,7990,Manual,55000,Diesel,0,74.3,1.5,ford.csv
Ford,Mondeo,2015,9,11495,Manual,9719,Diesel,0,78.5,1.5,ford.csv
Ford,B-MAX,2016,8,8999,Manual,8629,Diesel,0,74.4,1.5,ford.csv
Ford,Focus,2017,7,10099,Manual,28099,Diesel,0,74.3,1.5,ford.csv
Ford,Focus,2015,9,8225,Manual,33786,Diesel,0,74.3,1.5,ford.csv
Ford,Focus,2016,8,9999,Manual,27343,Diesel,0,74.3,1.5,ford.csv
Ford,Focus,2016,8,9399,Manual,32041,Diesel,0,74.3,1.5,ford.csv
Ford,Focus,2015,9,9799,Manual,28024,Diesel,0,74.3,1.5,ford.csv
Ford,Fiesta,2015,9,6799,Manual,43670,Diesel,0,88.3,1.5,ford.csv
Ford,Fiesta,2015,9,8284,Manual,11498,Diesel,0,88.3,1.5,ford.csv
Ford,Fiesta,2014,10,6499,Manual,30876,Diesel,0,76.4,1.5,ford.csv
Ford,Fiesta,2013,11,5356,Manual,69078,Diesel,0,85.6,1.6,ford.csv
Ford,Fiesta,2015,9,7626,Manual,22501,Diesel,0,78.5,1.5,ford.csv
Ford,Fiesta,2014,10,7676,Manual,22358,Diesel,0,76.4,1.5,ford.csv
Ford,Focus,2017,7,12500,Manual,8220,Diesel,0,74.3,1.5,ford.csv
Ford,Focus,2016,8,8940,Manual,48687,Diesel,0,74.3,1.5,ford.csv
Ford,Fiesta,2016,8,7989,Manual,75929,Diesel,0,78.5,1.5,ford.csv
Ford,Fiesta,2013,11,5949,Manual,52135,Diesel,0,85.6,1.6,ford.csv
Ford,Fiesta,2016,8,6940,Manual,75386,Diesel,0,78.5,1.5,ford.csv
Ford,Focus,2016,8,8497,Manual,52821,Diesel,0,74.3,1.5,ford.csv
Ford,Focus,2016,8,8470,Manual,89827,Diesel,0,74.3,1.5,ford.csv
Ford,Fiesta,2017,7,9640,Manual,16697,Diesel,0,78.5,1.5,ford.csv
Ford,Mondeo,2016,8,8695,Manual,69778,Diesel,0,74.3,1.5,ford.csv
Ford,Focus,2016,8,9797,Manual,25286,Diesel,0,74.3,1.5,ford.csv
Ford,Mondeo,2016,8,7492,Manual,128000,Diesel,0,78.5,1.5,ford.csv
Ford,Mondeo,2016,8,7792,Manual,105000,Diesel,0,78.5,1.5,ford.csv
Ford,Fiesta,2016,8,10399,Manual,13475,Diesel,0,78.5,1.5,ford.csv
Ford,Fiesta,2016,8,8240,Manual,25388,Diesel,0,78.5,1.5,ford.csv
Ford,Mondeo,2016,8,7492,Manual,128000,Diesel,0,78.5,1.5,ford.csv
Ford,Focus,2015,9,5492,Manual,114000,Diesel,0,74.3,1.5,ford.csv
Ford,Mondeo,2015,9,5991,Manual,130000,Diesel,0,78.5,1.5,ford.csv
Ford,Fiesta,2015,9,7499,Manual,58592,Diesel,0,78.5,1.5,ford.csv
Ford,Focus,2016,8,8999,Manual,65920,Diesel,0,74.3,1.5,ford.csv
Ford,Mondeo,2016,8,9362,Manual,65799,Diesel,0,78.5,1.5,ford.csv
Ford,Focus,2016,8,9499,Manual,62664,Diesel,0,74.3,1.5,ford.csv
Ford,Mondeo,2016,8,9999,Manual,54955,Diesel,0,78.5,1.5,ford.csv
Ford,Fiesta,2012,12,4852,Manual,61350,Diesel,0,68.9,1.6,ford.csv
Ford,Fiesta,2016,8,8244,Manual,19453,Diesel,0,78.5,1.5,ford.csv
Ford,Focus,2016,8,9491,Manual,30380,Diesel,0,74.3,1.5,ford.csv
Ford,Fiesta,2017,7,10449,Manual,17468,Diesel,0,78.5,1.5,ford.csv
Ford,Fiesta,2016,8,9299,Manual,18328,Diesel,0,88.3,1.5,ford.csv
Ford,Fiesta,2012,12,4431,Manual,41485,Diesel,0,76.4,1.6,ford.csv
Ford,Fiesta,2015,9,7511,Manual,46243,Diesel,0,78.5,1.5,ford.csv
Ford,Focus,2015,9,10295,Manual,23742,Diesel,0,74.3,1.5,ford.csv
Ford,B-MAX,2016,8,9186,Manual,19659,Diesel,0,74.4,1.5,ford.csv
Ford,Focus,2015,9,7899,Manual,60482,Diesel,0,74.3,1.5,ford.csv
Ford,Focus,2017,7,9995,Manual,34040,Diesel,0,74.3,1.5,ford.csv
Ford,Focus,2016,8,8899,Manual,49470,Diesel,0,74.3,1.5,ford.csv
Ford,Focus,2016,8,10210,Manual,21018,Diesel,0,74.3,1.5,ford.csv
Ford,Fiesta,2015,9,7699,Manual,34263,Diesel,0,88.3,1.5,ford.csv
Ford,Mondeo,2015,9,10999,Manual,25627,Diesel,0,78.5,1.5,ford.csv
Ford,Fiesta,2016,8,6800,Manual,22421,Diesel,0,78.5,1.5,ford.csv
Ford,Focus,2017,7,11299,Manual,23624,Diesel,0,74.3,1.5,ford.csv
Ford,Fiesta,2016,8,9299,Manual,16218,Diesel,0,88.3,1.5,ford.csv
Ford,Focus,2016,8,8500,Manual,37695,Diesel,0,74.3,1.5,ford.csv
Ford,Fiesta,2015,9,8299,Manual,45500,Diesel,0,78.5,1.5,ford.csv
Ford,Focus,2015,9,10000,Manual,19498,Diesel,0,74.3,1.5,ford.csv
Ford,Focus,2017,7,10587,Manual,50526,Diesel,0,74.3,1.5,ford.csv
Ford,Fiesta,2016,8,6490,Manual,64384,Diesel,0,78.5,1.5,ford.csv
Ford,Mondeo,2016,8,9000,Manual,61190,Diesel,0,78.5,1.5,ford.csv
Ford,Fiesta,2015,9,6000,Manual,49450,Diesel,0,76.4,1.5,ford.csv
Ford,Focus,2015,9,7000,Manual,76890,Diesel,0,74.3,1.5,ford.csv
Ford,Focus,2016,8,6299,Manual,90378,Diesel,0,74.3,1.5,ford.csv
Ford,Fiesta,2015,9,5500,Manual,67375,Diesel,0,78.5,1.5,ford.csv
Ford,Fiesta,2015,9,7500,Manual,31994,Diesel,0,76.4,1.5,ford.csv
Ford,Fiesta,2013,11,7200,Manual,39315,Diesel,0,78.5,1.6,ford.csv
Ford,Mondeo,2017,7,12000,Manual,45032,Diesel,0,78.5,1.5,ford.csv
Ford,Focus,2015,9,9400,Manual,48153,Diesel,0,74.3,1.5,ford.csv
Ford,Focus,2015,9,9500,Manual,33496,Diesel,0,74.3,1.5,ford.csv
Ford,Fiesta,2016,8,8299,Manual,16060,Diesel,0,78.5,1.5,ford.csv
Ford,Focus,2015,9,8499,Manual,46301,Diesel,0,74.3,1.5,ford.csv
Ford,Fiesta,2017,7,7999,Manual,26213,Diesel,0,78.5,1.5,ford.csv
Ford,Focus,2017,7,10400,Manual,25400,Diesel,0,74.3,1.5,ford.csv
Ford,Focus,2017,7,11000,Manual,27878,Diesel,0,74.3,1.5,ford.csv
Ford,Focus,2016,8,10495,Manual,8311,Diesel,0,74.3,1.5,ford.csv
Ford,Focus,2017,7,11000,Manual,14621,Diesel,0,74.3,1.5,ford.csv
Ford,Focus,2017,7,11500,Automatic,34468,Diesel,0,67.3,1.5,ford.csv
Ford,Focus,2017,7,10800,Manual,40000,Diesel,0,74.3,1.5,ford.csv
Ford,Focus,2017,7,11200,Manual,14341,Diesel,0,74.3,1.5,ford.csv
Ford,Focus,2016,8,10100,Manual,38638,Diesel,0,74.3,1.5,ford.csv
Ford,Mondeo,2017,7,10700,Manual,47408,Diesel,0,78.5,1.5,ford.csv
Ford,Focus,2015,9,9100,Manual,38379,Diesel,0,74.3,1.5,ford.csv
Ford,Mondeo,2015,9,9300,Manual,48906,Diesel,0,78.5,1.5,ford.csv
Ford,Focus,2017,7,11800,Manual,16612,Diesel,0,74.3,1.5,ford.csv
Ford,Focus,2017,7,10150,Manual,29301,Diesel,0,74.3,1.5,ford.csv
Ford,Focus,2015,9,9489,Manual,38000,Diesel,0,74.3,1.5,ford.csv
Ford,Focus,2016,8,11489,Manual,19942,Diesel,0,74.3,1.5,ford.csv
Ford,Focus,2017,7,10200,Manual,27912,Diesel,0,74.3,1.5,ford.csv
Ford,Focus,2017,7,10200,Manual,43234,Diesel,0,74.3,1.5,ford.csv
Ford,Fiesta,2016,8,9000,Manual,40249,Diesel,0,78.5,1.5,ford.csv
Ford,Focus,2017,7,11200,Manual,23898,Diesel,0,74.3,1.5,ford.csv
Ford,Focus,2017,7,12300,Automatic,27823,Diesel,0,67.3,1.5,ford.csv
Ford,Focus,2015,9,8700,Manual,61294,Diesel,0,74.3,1.5,ford.csv
Ford,Focus,2015,9,10000,Manual,18896,Diesel,0,74.3,1.5,ford.csv
Ford,Focus,2016,8,9000,Manual,44317,Diesel,0,74.3,1.5,ford.csv
Ford,Fiesta,2016,8,10400,Manual,26677,Diesel,0,78.5,1.5,ford.csv
Ford,Fiesta,2015,9,9300,Manual,33259,Diesel,0,78.5,1.5,ford.csv
Ford,Fiesta,2017,7,8700,Manual,24360,Diesel,0,78.5,1.5,ford.csv
Ford,Focus,2016,8,11500,Manual,6071,Diesel,0,74.3,1.5,ford.csv
Ford,Focus,2016,8,9600,Manual,27036,Diesel,0,74.3,1.5,ford.csv
Ford,Focus,2016,8,10000,Manual,46008,Diesel,0,74.3,1.5,ford.csv
Ford,Focus,2015,9,8900,Manual,47393,Diesel,0,74.3,1.5,ford.csv
Ford,Focus,2015,9,8400,Manual,54451,Diesel,0,74.3,1.5,ford.csv
Ford,Focus,2016,8,10800,Manual,18218,Diesel,0,74.3,1.5,ford.csv
Ford,Focus,2016,8,9300,Manual,33547,Diesel,0,74.3,1.5,ford.csv
Ford,Fiesta,2016,8,8900,Manual,46894,Diesel,0,78.5,1.5,ford.csv
Ford,Fiesta,2017,7,10800,Manual,25591,Diesel,0,78.5,1.5,ford.csv
Ford,Fiesta,2017,7,10200,Manual,31804,Diesel,0,78.5,1.5,ford.csv
Ford,Focus,2017,7,10499,Manual,41600,Diesel,0,74.3,1.5,ford.csv
Ford,Mondeo,2017,7,8295,Manual,90190,Diesel,0,74.3,1.5,ford.csv
Ford,Mondeo,2016,8,8500,Manual,85810,Diesel,0,78.5,1.5,ford.csv
Ford,Focus,2015,9,6500,Manual,88220,Diesel,0,74.3,1.5,ford.csv
Ford,Focus,2015,9,7695,Manual,50380,Diesel,0,74.3,1.5,ford.csv
Ford,Fiesta,2016,8,9300,Manual,18798,Diesel,0,88.3,1.5,ford.csv
Ford,Focus,2017,7,9725,Manual,18291,Diesel,0,74.3,1.5,ford.csv
Ford,Mondeo,2016,8,10998,Manual,22526,Diesel,0,78.5,1.5,ford.csv
Ford,Fiesta,2013,11,7250,Manual,33000,Diesel,0,76.4,1.5,ford.csv
Ford,Focus,2015,9,8750,Manual,41000,Diesel,0,74.3,1.5,ford.csv
Ford,Focus,2016,8,9388,Semi-Auto,32780,Diesel,0,67.3,1.5,ford.csv
Ford,Focus,2017,7,11689,Manual,14132,Diesel,0,74.3,1.5,ford.csv
Ford,Focus,2017,7,10689,Manual,15337,Diesel,0,74.3,1.5,ford.csv
Ford,Fiesta,2014,10,8000,Manual,30226,Diesel,0,76.4,1.5,ford.csv
Ford,Focus,2017,7,10289,Manual,20254,Diesel,0,74.3,1.5,ford.csv
Ford,Focus,2017,7,9989,Manual,16299,Diesel,0,74.3,1.5,ford.csv
Ford,Fiesta,2015,9,7299,Manual,42324,Diesel,0,88.3,1.5,ford.csv
Ford,Fiesta,2012,12,3690,Manual,95299,Diesel,0,68.9,1.6,ford.csv
Ford,Focus,2013,11,4999,Manual,83772,Diesel,0,76.4,1.6,ford.csv
Ford,Mondeo,2017,7,9999,Manual,60000,Diesel,0,78.5,1.5,ford.csv
Ford,Focus,2015,9,10899,Manual,14929,Diesel,0,74.3,1.5,ford.csv
Ford,Focus,2015,9,8599,Manual,26664,Diesel,0,74.3,1.5,ford.csv
Ford,Focus,2016,8,9299,Manual,26805,Diesel,0,74.3,1.5,ford.csv
Ford,Focus,2015,9,9199,Manual,45045,Diesel,0,74.3,1.5,ford.csv
Ford,Focus,2016,8,8450,Manual,23854,Diesel,0,74.3,1.5,ford.csv
Ford,Focus,2016,8,7999,Manual,66442,Diesel,0,74.3,1.5,ford.csv
Ford,Mondeo,2016,8,7499,Manual,85989,Diesel,0,78.5,1.5,ford.csv
Ford,Focus,2015,9,9999,Manual,13946,Diesel,0,74.3,1.5,ford.csv
Ford,Focus,2015,9,7099,Manual,74176,Diesel,0,74.3,1.5,ford.csv
Ford,Fiesta,2015,9,7599,Manual,24329,Diesel,0,78.5,1.5,ford.csv
Ford,Fiesta,2016,8,7250,Manual,39482,Diesel,0,78.5,1.5,ford.csv
Ford,Focus,2016,8,9850,Manual,20764,Diesel,0,74.3,1.5,ford.csv
Ford,Fiesta,2014,10,5699,Manual,43288,Diesel,0,85.6,1.6,ford.csv
Ford,Focus,2015,9,7468,Manual,66825,Diesel,0,74.3,1.5,ford.csv
Ford,Fiesta,2016,8,7560,Manual,46924,Diesel,0,88.3,1.5,ford.csv
Ford,Focus,2016,8,9699,Manual,42330,Diesel,0,74.3,1.5,ford.csv
Ford,Focus,2016,8,7299,Manual,88993,Diesel,0,74.3,1.5,ford.csv
Ford,Focus,2017,7,10499,Manual,29396,Diesel,0,74.3,1.5,ford.csv
Ford,Fiesta,2013,11,4599,Manual,73611,Diesel,0,76.4,1.5,ford.csv
Ford,Mondeo,2015,9,8494,Manual,76215,Diesel,0,78.5,1.5,ford.csv
Ford,Fiesta,2014,10,4995,Manual,82809,Diesel,0,76.4,1.5,ford.csv
Ford,Mondeo,2015,9,8099,Manual,84443,Diesel,0,78.5,1.5,ford.csv
Ford,Focus,2015,9,8499,Manual,51879,Diesel,0,74.3,1.5,ford.csv
Ford,Focus,2016,8,7880,Manual,71661,Diesel,0,74.3,1.5,ford.csv
Ford,Fiesta,2016,8,5850,Manual,66115,Diesel,0,78.5,1.5,ford.csv
Ford,Focus,2015,9,7295,Manual,83823,Diesel,0,74.3,1.5,ford.csv
Ford,Focus,2015,9,8250,Manual,62706,Diesel,0,74.3,1.5,ford.csv
Ford,Focus,2016,8,9491,Manual,45526,Diesel,0,74.3,1.5,ford.csv
Ford,Focus,2017,7,10000,Manual,26488,Diesel,0,74.3,1.5,ford.csv
Ford,Mondeo,2015,9,7295,Manual,74810,Diesel,0,78.5,1.6,ford.csv
Ford,Focus,2016,8,8000,Automatic,61630,Diesel,0,67.3,1.5,ford.csv
Ford,Focus,2015,9,7299,Manual,66804,Diesel,0,74.3,1.5,ford.csv
Ford,Focus,2016,8,7195,Manual,71350,Diesel,0,74.3,1.5,ford.csv
Ford,Focus,2015,9,7695,Manual,59260,Diesel,0,74.3,1.5,ford.csv
Ford,Mondeo,2016,8,8295,Manual,75580,Diesel,0,78.5,1.5,ford.csv
Ford,Focus,2015,9,6999,Manual,55336,Diesel,0,67.3,1.5,ford.csv
Ford,Mondeo,2016,8,9990,Manual,58519,Diesel,0,78.5,1.5,ford.csv
Ford,Focus,2013,11,3995,Manual,89411,Diesel,0,83.1,1.6,ford.csv
Ford,Focus,2016,8,9299,Manual,23306,Diesel,0,74.3,1.5,ford.csv
Ford,Focus,2016,8,10499,Manual,14808,Diesel,0,74.3,1.5,ford.csv
Ford,Fiesta,2009,15,3495,Manual,89000,Diesel,0,76.3,1.6,ford.csv
Ford,Focus,2015,9,6475,Manual,80000,Diesel,0,74.3,1.5,ford.csv
Ford,Focus,2015,9,7699,Manual,69205,Diesel,0,74.3,1.5,ford.csv
Ford,Fiesta,2016,8,7999,Manual,13455,Diesel,0,78.5,1.5,ford.csv
Ford,Focus,2015,9,8299,Manual,60912,Diesel,0,74.3,1.5,ford.csv
Ford,Focus,2015,9,6995,Manual,62903,Diesel,0,74.3,1.5,ford.csv
Ford,Fiesta,2015,9,6999,Manual,47612,Diesel,0,76.4,1.5,ford.csv
Ford,Focus,2016,8,8999,Manual,28883,Diesel,0,67.3,1.5,ford.csv
Ford,Mondeo,2015,9,9599,Manual,49163,Diesel,0,78.5,1.5,ford.csv
Ford,Fiesta,2016,8,7999,Manual,31757,Diesel,0,78.5,1.5,ford.csv
Ford,Focus,2016,8,8599,Manual,58312,Diesel,0,74.3,1.5,ford.csv
Ford,Fiesta,2015,9,7549,Manual,41295,Diesel,0,78.5,1.5,ford.csv
Ford,Fiesta,2014,10,7299,Manual,37812,Diesel,0,76.4,1.5,ford.csv
Ford,Fiesta,2015,9,7499,Manual,26311,Diesel,0,78.5,1.5,ford.csv
Ford,Fiesta,2016,8,9799,Manual,28927,Diesel,0,78.5,1.5,ford.csv
Ford,Focus,2016,8,9995,Manual,37774,Diesel,0,74.3,1.5,ford.csv
Ford,Fiesta,2015,9,7449,Manual,44074,Diesel,0,76.4,1.5,ford.csv
Ford,Focus,2016,8,10299,Manual,17507,Diesel,0,74.3,1.5,ford.csv
Ford,Focus,2016,8,10061,Manual,25544,Diesel,0,74.3,1.5,ford.csv
Ford,Focus,2015,9,7499,Manual,45363,Diesel,0,74.3,1.5,ford.csv
Ford,Fiesta,2017,7,8449,Manual,31233,Diesel,0,78.5,1.5,ford.csv
Ford,Focus,2016,8,10499,Manual,17606,Diesel,0,74.3,1.5,ford.csv
Ford,Focus,2016,8,8299,Manual,40344,Diesel,0,74.3,1.5,ford.csv
Ford,Fiesta,2016,8,8999,Manual,8381,Diesel,0,78.5,1.5,ford.csv
Ford,Focus,2016,8,9999,Manual,17907,Diesel,0,74.3,1.5,ford.csv
Ford,Fiesta,2016,8,7695,Manual,43680,Diesel,0,88.3,1.5,ford.csv
Ford,Focus,2016,8,8299,Manual,44973,Diesel,0,83.1,1.5,ford.csv
Ford,Fiesta,2012,12,3995,Manual,83000,Diesel,0,85.6,1.6,ford.csv
Ford,Fiesta,2016,8,5599,Manual,86046,Diesel,0,78.5,1.5,ford.csv
Ford,Focus,2015,9,7999,Manual,45395,Diesel,0,74.3,1.5,ford.csv
Ford,Focus,2013,11,6699,Manual,29750,Diesel,0,76.4,1.6,ford.csv
Ford,Focus,2016,8,8799,Manual,37458,Diesel,0,74.3,1.5,ford.csv
Ford,Fiesta,2017,7,11000,Manual,13903,Diesel,0,78.5,1.5,ford.csv
Ford,Focus,2017,7,7495,Manual,78000,Diesel,0,74.3,1.5,ford.csv
Ford,Focus,2016,8,9595,Manual,40000,Diesel,0,74.3,1.5,ford.csv
Ford,Focus,2016,8,9552,Manual,32963,Diesel,0,74.3,1.5,ford.csv
Ford,Fiesta,2017,7,7695,Manual,36440,Diesel,0,78.5,1.5,ford.csv
Ford,Fiesta,2017,7,9275,Manual,13085,Diesel,0,78.5,1.5,ford.csv
Ford,Fiesta,2017,7,6795,Manual,65290,Diesel,0,88.3,1.5,ford.csv
Ford,Fiesta,2016,8,7298,Manual,32688,Diesel,0,76.4,1.5,ford.csv
Ford,Fiesta,2015,9,5998,Manual,54000,Diesel,0,76.4,1.5,ford.csv
Ford,Focus,2016,8,8450,Manual,56022,Diesel,0,74.3,1.5,ford.csv
Ford,Focus,2016,8,8750,Manual,58665,Diesel,0,74.3,1.5,ford.csv
Ford,Mondeo,2016,8,10000,Manual,60533,Diesel,0,78.5,1.5,ford.csv
Ford,Focus,2015,9,7195,Manual,70000,Diesel,0,74.3,1.5,ford.csv
Ford,Focus,2016,8,8999,Manual,39000,Diesel,0,74.3,1.5,ford.csv
Ford,Fiesta,2016,8,7499,Manual,35000,Diesel,0,78.5,1.5,ford.csv
Ford,Fiesta,2015,9,7695,Manual,29000,Diesel,0,78.5,1.6,ford.csv
Ford,Focus,2016,8,9995,Manual,48000,Diesel,0,74.3,1.5,ford.csv
Ford,Mondeo,2016,8,11000,Manual,50432,Diesel,0,78.5,1.5,ford.csv
Ford,Mondeo,2015,9,7495,Manual,82535,Diesel,0,74.3,2.0,ford.csv
Ford,Fiesta,2017,7,8200,Manual,15231,Diesel,0,78.5,1.5,ford.csv
Ford,Focus,2017,7,9900,Manual,35500,Diesel,0,74.3,1.5,ford.csv
Ford,Focus,2016,8,10500,Manual,31481,Diesel,0,74.3,1.5,ford.csv
Ford,Focus,2015,9,6295,Manual,77000,Diesel,0,74.3,1.5,ford.csv
Ford,Fiesta,2010,14,2690,Manual,109000,Diesel,0,76.3,1.6,ford.csv
Ford,Focus,2015,9,7000,Manual,78533,Diesel,0,74.3,1.5,ford.csv
Ford,Focus,2015,9,7700,Manual,55952,Diesel,0,74.3,1.5,ford.csv
Ford,B-MAX,2017,7,6200,Manual,72135,Diesel,0,74.4,1.5,ford.csv
Ford,B-MAX,2015,9,7499,Manual,37377,Diesel,0,74.4,1.5,ford.csv
Ford,Fiesta,2017,7,8200,Manual,29887,Diesel,0,78.5,1.5,ford.csv
Ford,Focus,2016,8,7900,Manual,58898,Diesel,0,74.3,1.5,ford.csv
Ford,Fiesta,2016,8,8700,Manual,23246,Diesel,0,78.5,1.5,ford.csv
Ford,Fiesta,2017,7,8500,Manual,26360,Diesel,0,88.3,1.5,ford.csv
Ford,Fiesta,2016,8,7200,Manual,33625,Diesel,0,78.5,1.5,ford.csv
Ford,Focus,2016,8,7900,Manual,61111,Diesel,0,74.3,1.5,ford.csv
Ford,Focus,2017,7,9600,Manual,50689,Diesel,0,74.3,1.5,ford.csv
Ford,Focus,2016,8,8000,Manual,43526,Diesel,0,74.3,1.5,ford.csv
Ford,Focus,2015,9,6975,Manual,79347,Diesel,0,67.3,1.5,ford.csv
Ford,Focus,2015,9,7500,Manual,67107,Diesel,0,74.3,1.5,ford.csv
Ford,Focus,2015,9,8000,Manual,65000,Diesel,0,74.3,1.5,ford.csv
Hyundai,I30,2016,8,9000,Manual,34443,Diesel,0,78.4,0.0,hyundi.csv
Hyundai,I30,2016,8,9000,Manual,29610,Diesel,0,78.4,0.0,hyundi.csv
Hyundai,I30,2016,8,8900,Manual,18257,Diesel,0,78.4,1.6,hyundi.csv
Hyundai,I30,2015,9,8250,Manual,29980,Diesel,0,78.4,1.6,hyundi.csv
Hyundai,I30,2015,9,7803,Manual,43022,Diesel,0,78.4,1.6,hyundi.csv
Hyundai,I30,2016,8,7498,Manual,56693,Diesel,0,78.4,1.6,hyundi.csv
Hyundai,I30,2015,9,6498,Manual,40237,Diesel,0,78.4,1.6,hyundi.csv
Hyundai,I30,2013,11,5998,Manual,59039,Diesel,0,74.3,1.6,hyundi.csv
Hyundai,I30,2016,8,8998,Manual,32025,Diesel,0,78.4,1.6,hyundi.csv
Hyundai,I30,2015,9,6698,Manual,64365,Diesel,0,78.4,1.6,hyundi.csv
Hyundai,I30,2016,8,7998,Manual,50167,Diesel,0,78.4,1.6,hyundi.csv
Hyundai,I30,2016,8,7998,Manual,41429,Diesel,0,78.4,1.6,hyundi.csv
Hyundai,I30,2015,9,7198,Manual,48949,Diesel,0,78.4,1.6,hyundi.csv
Hyundai,I30,2016,8,8798,Manual,30266,Diesel,0,78.4,1.6,hyundi.csv
Hyundai,I30,2015,9,7298,Manual,50221,Diesel,0,78.4,1.6,hyundi.csv
Hyundai,I30,2016,8,9498,Manual,18361,Diesel,0,78.4,1.6,hyundi.csv
Hyundai,I30,2016,8,8698,Manual,28022,Diesel,0,78.4,1.6,hyundi.csv
Hyundai,I30,2015,9,7698,Manual,35259,Diesel,0,78.4,1.6,hyundi.csv
Hyundai,I30,2015,9,7698,Manual,32398,Diesel,0,78.4,1.6,hyundi.csv
Hyundai,I30,2015,9,6310,Manual,50700,Diesel,0,78.4,1.6,hyundi.csv
Hyundai,I30,2016,8,7637,Manual,38011,Diesel,0,78.4,1.6,hyundi.csv
Hyundai,I30,2016,8,8850,Manual,20457,Diesel,0,78.4,1.6,hyundi.csv
Hyundai,I30,2016,8,8498,Manual,41593,Diesel,0,78.4,1.6,hyundi.csv
Hyundai,I30,2015,9,6700,Manual,42307,Diesel,0,78.4,1.6,hyundi.csv
Hyundai,I30,2016,8,7998,Manual,38705,Diesel,0,78.4,1.6,hyundi.csv
Hyundai,I30,2015,9,6885,Manual,59000,Diesel,0,78.4,1.6,hyundi.csv
Hyundai,I30,2016,8,9498,Manual,17784,Diesel,0,78.4,1.6,hyundi.csv
Hyundai,I30,2015,9,6998,Manual,54324,Diesel,0,78.4,1.6,hyundi.csv
Hyundai,I30,2016,8,9995,Manual,9671,Diesel,0,78.4,1.6,hyundi.csv
Hyundai,I30,2016,8,8695,Manual,23261,Diesel,0,78.4,1.6,hyundi.csv
Hyundai,I30,2016,8,7995,Manual,51919,Diesel,0,78.4,1.6,hyundi.csv
Hyundai,I30,2016,8,8595,Manual,44534,Diesel,0,78.4,1.6,hyundi.csv
Hyundai,I30,2017,7,11799,Manual,16853,Diesel,0,74.3,1.6,hyundi.csv
Hyundai,I30,2014,10,5849,Manual,46793,Diesel,0,76.3,1.6,hyundi.csv
Hyundai,I30,2016,8,9298,Manual,29412,Diesel,0,78.4,1.6,hyundi.csv
Hyundai,I30,2015,9,6998,Manual,54755,Diesel,0,78.4,1.6,hyundi.csv
Hyundai,I30,2017,7,10999,Manual,18228,Diesel,0,74.3,1.6,hyundi.csv
Hyundai,I30,2017,7,10290,Manual,22298,Diesel,0,74.3,1.6,hyundi.csv
Hyundai,I30,2013,11,4998,Manual,61735,Diesel,0,76.3,1.6,hyundi.csv
Hyundai,I30,2013,11,6000,Manual,47176,Diesel,0,76.3,1.6,hyundi.csv
Hyundai,I30,2015,9,7298,Manual,59040,Diesel,0,78.4,1.6,hyundi.csv
Hyundai,I30,2016,8,9298,Manual,23857,Diesel,0,78.4,1.6,hyundi.csv
Hyundai,I30,2016,8,9000,Manual,32795,Diesel,0,78.4,1.6,hyundi.csv
Hyundai,I30,2016,8,7790,Manual,45985,Diesel,0,78.4,1.6,hyundi.csv
Hyundai,I30,2017,7,9498,Manual,32361,Diesel,0,78.4,1.6,hyundi.csv
Hyundai,I30,2015,9,7998,Manual,34978,Diesel,0,78.4,1.6,hyundi.csv
Hyundai,I30,2013,11,5408,Manual,68728,Diesel,0,76.3,1.6,hyundi.csv
Hyundai,I30,2015,9,7498,Manual,38279,Diesel,0,78.4,1.6,hyundi.csv
Hyundai,I30,2015,9,7520,Manual,46142,Diesel,0,78.4,1.6,hyundi.csv
Hyundai,I30,2016,8,8798,Manual,31796,Diesel,0,78.4,1.6,hyundi.csv
Hyundai,I30,2015,9,7250,Manual,26247,Diesel,0,78.4,1.6,hyundi.csv
Hyundai,I30,2015,9,8500,Manual,29590,Diesel,0,78.4,1.6,hyundi.csv
Hyundai,I30,2016,8,9495,Manual,37000,Diesel,0,78.4,1.6,hyundi.csv
Hyundai,I30,2014,10,5631,Manual,72986,Diesel,0,76.3,1.6,hyundi.csv
Hyundai,I30,2015,9,7695,Manual,47500,Diesel,0,78.4,1.6,hyundi.csv
Hyundai,I30,2015,9,5750,Manual,51605,Diesel,0,76.3,1.6,hyundi.csv
Hyundai,I30,2015,9,7331,Manual,44929,Diesel,0,78.4,1.6,hyundi.csv
Hyundai,I30,2015,9,6981,Manual,53825,Diesel,0,78.4,1.6,hyundi.csv
Hyundai,I30,2016,8,8322,Manual,31026,Diesel,0,78.4,1.6,hyundi.csv
Hyundai,I30,2016,8,8390,Manual,20710,Diesel,0,78.4,1.6,hyundi.csv
Hyundai,I30,2015,9,6990,Manual,54063,Diesel,0,78.4,1.6,hyundi.csv
Hyundai,I30,2015,9,6992,Manual,43700,Diesel,0,78.4,1.6,hyundi.csv
Hyundai,I30,2015,9,7495,Manual,23760,Diesel,0,78.4,1.6,hyundi.csv
Hyundai,I30,2016,8,8495,Manual,24146,Diesel,0,78.4,1.6,hyundi.csv
Hyundai,I30,2015,9,6990,Manual,50047,Diesel,0,78.4,1.6,hyundi.csv
Hyundai,I30,2015,9,6691,Manual,51641,Diesel,0,78.4,1.6,hyundi.csv
Hyundai,I30,2016,8,8990,Manual,33466,Diesel,0,78.4,1.6,hyundi.csv
Hyundai,I30,2015,9,7560,Manual,33830,Diesel,0,78.4,1.6,hyundi.csv
Hyundai,I30,2015,9,6850,Manual,57541,Diesel,0,78.4,1.6,hyundi.csv
Hyundai,I30,2017,7,9230,Manual,34590,Diesel,0,78.4,1.6,hyundi.csv
Hyundai,I30,2016,8,7995,Manual,47014,Diesel,0,78.4,1.6,hyundi.csv
Hyundai,I30,2016,8,8500,Manual,20153,Diesel,0,78.4,1.6,hyundi.csv
Hyundai,I30,2015,9,6995,Manual,67212,Diesel,0,78.4,1.6,hyundi.csv
Hyundai,I30,2015,9,7490,Manual,40472,Diesel,0,78.4,1.6,hyundi.csv
Hyundai,I30,2015,9,7000,Manual,67500,Diesel,0,78.4,1.6,hyundi.csv
Hyundai,I30,2014,10,6925,Manual,46845,Diesel,0,74.3,1.6,hyundi.csv
Hyundai,I30,2013,11,4495,Manual,88000,Diesel,0,76.3,1.6,hyundi.csv
Hyundai,I30,2016,8,8650,Manual,20000,Diesel,0,78.4,1.6,hyundi.csv
Hyundai,I30,2015,9,8495,Manual,27584,Diesel,0,78.4,1.6,hyundi.csv
Hyundai,I30,2016,8,8900,Manual,17000,Diesel,0,78.4,1.6,hyundi.csv
Hyundai,I30,2016,8,8250,Manual,30000,Diesel,0,78.4,1.6,hyundi.csv
Hyundai,I30,2015,9,8495,Manual,22992,Diesel,0,78.4,1.6,hyundi.csv
Hyundai,I30,2016,8,11275,Manual,38594,Diesel,0,78.4,1.6,hyundi.csv
Hyundai,I30,2015,9,6500,Manual,41000,Diesel,0,78.4,1.6,hyundi.csv
Hyundai,I30,2016,8,9300,Manual,26834,Diesel,0,78.4,1.6,hyundi.csv
Hyundai,I30,2015,9,7275,Manual,39233,Diesel,0,78.4,1.6,hyundi.csv
Hyundai,I30,2014,10,7174,Manual,38703,Diesel,0,76.3,1.6,hyundi.csv
Hyundai,I30,2016,8,7299,Manual,48975,Diesel,0,78.4,1.6,hyundi.csv
Hyundai,I30,2015,9,4492,Manual,124000,Diesel,0,78.4,1.6,hyundi.csv
Hyundai,I30,2015,9,4492,Manual,124000,Diesel,0,78.4,1.6,hyundi.csv
Hyundai,I20,2013,11,4670,Manual,49252,Diesel,0,74.3,1.1,hyundi.csv
Hyundai,I30,2014,10,4291,Manual,107419,Diesel,0,76.3,1.6,hyundi.csv
Hyundai,I30,2016,8,8495,Manual,32361,Diesel,0,78.4,1.6,hyundi.csv
Hyundai,I30,2016,8,8199,Manual,48655,Diesel,0,78.4,1.6,hyundi.csv
Hyundai,I30,2015,9,6799,Manual,54412,Diesel,0,78.4,1.6,hyundi.csv
Hyundai,I30,2015,9,7999,Manual,17673,Diesel,0,78.4,1.6,hyundi.csv
Hyundai,I30,2013,11,5499,Manual,58000,Diesel,0,76.3,1.6,hyundi.csv
Hyundai,I30,2013,11,4990,Manual,61000,Diesel,0,76.3,1.6,hyundi.csv
Hyundai,I30,2014,10,6290,Manual,48130,Diesel,0,76.3,1.6,hyundi.csv
Hyundai,I30,2015,9,6699,Manual,37000,Diesel,0,78.4,1.6,hyundi.csv
Hyundai,I30,2015,9,8990,Manual,23968,Diesel,0,78.4,1.6,hyundi.csv
Hyundai,I30,2016,8,9490,Manual,21944,Diesel,0,78.4,1.6,hyundi.csv
Hyundai,I30,2015,9,7998,Manual,27706,Diesel,0,78.4,1.6,hyundi.csv
Hyundai,I30,2016,8,7985,Manual,47978,Diesel,0,78.4,1.6,hyundi.csv
Hyundai,I30,2015,9,7185,Manual,44236,Diesel,0,78.4,1.6,hyundi.csv
Hyundai,I30,2016,8,8680,Manual,25906,Diesel,0,78.4,1.6,hyundi.csv
Mercedes-Benz,A Class,2015,9,11498,Manual,32648,Diesel,0,74.3,1.5,merc.csv
Mercedes-Benz,A Class,2016,8,13695,Manual,41600,Diesel,0,80.7,1.5,merc.csv
Mercedes-Benz,B Class,2014,10,8200,Manual,39331,Diesel,0,74.3,1.5,merc.csv
Mercedes-Benz,A Class,2014,10,10490,Manual,37642,Diesel,0,78.5,1.5,merc.csv
Mercedes-Benz,A Class,2015,9,10490,Semi-Auto,49816,Diesel,0,70.6,1.5,merc.csv
Mercedes-Benz,A Class,2014,10,9761,Manual,50116,Diesel,0,78.5,1.5,merc.csv
Mercedes-Benz,A Class,2014,10,11915,Manual,12522,Diesel,0,78.5,1.5,merc.csv
Mercedes-Benz,A Class,2015,9,11444,Manual,27000,Diesel,0,74.3,1.5,merc.csv
Mercedes-Benz,A Class,2016,8,13823,Automatic,25151,Diesel,0,76.4,1.5,merc.csv
Mercedes-Benz,A Class,2016,8,14552,Semi-Auto,25653,Diesel,0,76.4,1.5,merc.csv
Mercedes-Benz,A Class,2014,10,10932,Manual,38510,Diesel,0,78.5,1.5,merc.csv
Mercedes-Benz,B Class,2014,10,8490,Manual,75894,Diesel,0,74.3,1.5,merc.csv
Mercedes-Benz,A Class,2013,11,9608,Manual,41966,Diesel,0,74.3,1.5,merc.csv
Mercedes-Benz,A Class,2017,7,13782,Manual,20218,Diesel,0,80.7,1.5,merc.csv
Mercedes-Benz,A Class,2015,9,11480,Manual,47552,Diesel,0,80.7,1.5,merc.csv
Mercedes-Benz,A Class,2017,7,14490,Semi-Auto,42670,Diesel,0,74.3,2.1,merc.csv
Mercedes-Benz,A Class,2016,8,12149,Manual,36001,Diesel,0,80.7,1.5,merc.csv
Mercedes-Benz,A Class,2014,10,9977,Manual,55000,Diesel,0,78.5,1.5,merc.csv
Mercedes-Benz,A Class,2017,7,13477,Manual,40000,Diesel,0,80.7,1.5,merc.csv
Mercedes-Benz,A Class,2017,7,13477,Manual,43000,Diesel,0,80.7,1.5,merc.csv
Mercedes-Benz,A Class,2016,8,13150,Automatic,39000,Diesel,0,76.4,1.5,merc.csv
Mercedes-Benz,A Class,2016,8,12400,Semi-Auto,72000,Diesel,0,76.4,1.5,merc.csv
Mercedes-Benz,A Class,2016,8,12990,Automatic,34000,Diesel,0,74.3,2.1,merc.csv
Mercedes-Benz,A Class,2016,8,10490,Manual,63000,Diesel,0,80.7,1.5,merc.csv
Mercedes-Benz,A Class,2016,8,12490,Manual,18000,Diesel,0,80.7,1.5,merc.csv
Mercedes-Benz,A Class,2016,8,9990,Manual,82000,Diesel,0,80.7,1.5,merc.csv
Mercedes-Benz,A Class,2016,8,11849,Manual,27958,Diesel,0,80.7,1.5,merc.csv
Mercedes-Benz,A Class,2014,10,10498,Manual,73000,Diesel,0,78.5,1.5,merc.csv
Mercedes-Benz,A Class,2016,8,12999,Manual,22786,Diesel,0,80.7,1.5,merc.csv
Mercedes-Benz,A Class,2014,10,10649,Manual,44140,Diesel,0,78.5,1.5,merc.csv
Mercedes-Benz,A Class,2015,9,11499,Automatic,40373,Diesel,0,70.6,1.5,merc.csv
Mercedes-Benz,A Class,2017,7,13499,Automatic,48866,Diesel,0,76.4,1.5,merc.csv
Mercedes-Benz,A Class,2016,8,11999,Manual,40276,Diesel,0,80.7,1.5,merc.csv
Mercedes-Benz,A Class,2016,8,10699,Manual,57924,Diesel,0,80.7,1.5,merc.csv
Mercedes-Benz,A Class,2012,12,9199,Manual,44387,Diesel,0,74.3,1.5,merc.csv
Mercedes-Benz,B Class,2015,9,8800,Manual,43543,Diesel,0,78.5,1.5,merc.csv
Mercedes-Benz,A Class,2016,8,11724,Manual,54585,Diesel,0,80.7,1.5,merc.csv
Mercedes-Benz,A Class,2016,8,12500,Manual,24810,Diesel,0,80.7,1.5,merc.csv
Mercedes-Benz,A Class,2013,11,9990,Manual,32713,Diesel,0,74.3,1.5,merc.csv
Mercedes-Benz,A Class,2016,8,12999,Manual,18593,Diesel,0,80.7,1.5,merc.csv
Mercedes-Benz,A Class,2016,8,13699,Automatic,31817,Diesel,0,76.4,1.5,merc.csv
Mercedes-Benz,A Class,2013,11,8495,Manual,74000,Diesel,0,74.3,1.5,merc.csv
Mercedes-Benz,A Class,2016,8,13599,Automatic,29917,Diesel,0,74.3,2.1,merc.csv
Mercedes-Benz,A Class,2013,11,10559,Manual,34408,Diesel,0,74.3,1.5,merc.csv
Mercedes-Benz,A Class,2016,8,9295,Manual,111410,Diesel,0,80.7,1.5,merc.csv
Mercedes-Benz,A Class,2014,10,9800,Manual,53553,Diesel,0,78.5,1.5,merc.csv
Mercedes-Benz,A Class,2016,8,12000,Manual,33469,Diesel,0,80.7,1.5,merc.csv
Mercedes-Benz,A Class,2017,7,14500,Automatic,27402,Diesel,0,76.4,1.5,merc.csv
Mercedes-Benz,A Class,2017,7,12800,Automatic,33102,Diesel,0,76.4,1.5,merc.csv
Mercedes-Benz,A Class,2016,8,11500,Manual,45882,Diesel,0,80.7,1.5,merc.csv
Mercedes-Benz,A Class,2017,7,12600,Manual,25535,Diesel,0,80.7,1.5,merc.csv
Mercedes-Benz,A Class,2017,7,10900,Manual,54448,Diesel,0,80.7,1.5,merc.csv
Mercedes-Benz,A Class,2014,10,9500,Manual,52220,Diesel,0,78.5,1.5,merc.csv
Mercedes-Benz,A Class,2016,8,11500,Manual,38698,Diesel,0,80.7,1.5,merc.csv
Mercedes-Benz,A Class,2016,8,12750,Manual,20458,Diesel,0,80.7,1.5,merc.csv
Mercedes-Benz,A Class,2016,8,11400,Manual,44277,Diesel,0,80.7,1.5,merc.csv
Skoda,Octavia,2017,7,8695,Manual,84450,Diesel,0,74.3,1.6,skoda.csv
Skoda,Fabia,2017,7,8498,Manual,11184,Diesel,0,74.3,1.4,skoda.csv
Skoda,Octavia,2016,8,8198,Manual,64164,Diesel,0,74.3,1.6,skoda.csv
Skoda,Octavia,2015,9,8399,Manual,61500,Diesel,0,74.3,1.6,skoda.csv
Skoda,Octavia,2015,9,8698,Manual,47000,Diesel,0,74.3,1.6,skoda.csv
Skoda,Superb,2016,8,13985,Manual,29032,Diesel,0,76.4,1.6,skoda.csv
Skoda,Fabia,2016,8,7862,Manual,45399,Diesel,0,78.6,1.4,skoda.csv
Skoda,Rapid,2016,8,8498,Manual,31220,Diesel,0,67.3,1.6,skoda.csv
Skoda,Octavia,2017,7,10498,Manual,48067,Diesel,0,74.3,1.6,skoda.csv
Skoda,Superb,2016,8,11398,Manual,58222,Diesel,0,76.4,1.6,skoda.csv
Skoda,Fabia,2015,9,7400,Manual,32624,Diesel,0,83.1,1.4,skoda.csv
Skoda,Fabia,2015,9,7498,Manual,45262,Diesel,0,80.7,1.4,skoda.csv
Skoda,Octavia,2016,8,8998,Manual,41649,Diesel,0,74.3,1.6,skoda.csv
Skoda,Superb,2017,7,11998,Manual,47058,Diesel,0,76.4,1.6,skoda.csv
Skoda,Fabia,2016,8,7991,Manual,34212,Diesel,0,78.5,1.4,skoda.csv
Skoda,Fabia,2016,8,7990,Manual,45374,Diesel,0,78.5,1.4,skoda.csv
Skoda,Fabia,2014,10,5495,Manual,26561,Diesel,0,83.1,1.2,skoda.csv
Skoda,Rapid,2017,7,9445,Semi-Auto,25274,Diesel,0,74.3,1.4,skoda.csv
Skoda,Octavia,2016,8,8795,Manual,50824,Diesel,0,74.3,1.6,skoda.csv
Skoda,Octavia,2014,10,8998,Manual,64551,Diesel,0,74.3,1.6,skoda.csv
Skoda,Superb,2016,8,10798,Manual,85360,Diesel,0,76.4,1.6,skoda.csv
Skoda,Superb,2017,7,13490,Manual,42033,Diesel,0,76.4,1.6,skoda.csv
Skoda,Octavia,2017,7,9990,Manual,36877,Diesel,0,74.3,1.6,skoda.csv
Skoda,Octavia,2016,8,10962,Semi-Auto,13568,Diesel,0,76.4,1.6,skoda.csv
Skoda,Superb,2017,7,12490,Semi-Auto,41755,Diesel,0,70.6,1.6,skoda.csv
Skoda,Octavia,2017,7,10975,Semi-Auto,31283,Diesel,0,76.4,1.6,skoda.csv
Skoda,Octavia,2016,8,10490,Manual,23408,Diesel,0,80.7,1.6,skoda.csv
Skoda,Superb,2017,7,13490,Manual,42033,Diesel,0,76.4,1.6,skoda.csv
Skoda,Octavia,2017,7,10990,Manual,48979,Diesel,0,74.3,1.6,skoda.csv
Skoda,Octavia,2016,8,10895,Automatic,45012,Diesel,0,74.3,1.6,skoda.csv
Skoda,Fabia,2016,8,9495,Manual,35911,Diesel,0,78.5,1.4,skoda.csv
Skoda,Octavia,2017,7,10500,Manual,31391,Diesel,0,72.4,1.6,skoda.csv
Skoda,Octavia,2016,8,8000,Manual,82081,Diesel,0,74.3,1.6,skoda.csv
Skoda,Fabia,2017,7,7995,Manual,30493,Diesel,0,74.3,1.4,skoda.csv
Skoda,Fabia,2016,8,8995,Semi-Auto,31202,Diesel,0,74.3,1.4,skoda.csv
Skoda,Rapid,2016,8,8995,Manual,37412,Diesel,0,67.3,1.6,skoda.csv
Skoda,Octavia,2015,9,8795,Manual,44354,Diesel,0,74.3,1.6,skoda.csv
Skoda,Octavia,2013,11,7995,Manual,37207,Diesel,0,74.3,1.6,skoda.csv
Skoda,Fabia,2016,8,6995,Manual,41480,Diesel,0,78.5,1.4,skoda.csv
Skoda,Octavia,2016,8,10995,Manual,31000,Diesel,0,72.4,1.6,skoda.csv
Skoda,Octavia,2016,8,8590,Semi-Auto,69585,Diesel,0,74.3,1.6,skoda.csv
Skoda,Octavia,2014,10,7891,Manual,50110,Diesel,0,74.3,1.6,skoda.csv
Skoda,Octavia,2015,9,7698,Manual,55904,Diesel,0,74.3,1.6,skoda.csv
Skoda,Octavia,2016,8,10995,Manual,28326,Diesel,0,74.3,1.6,skoda.csv
Skoda,Fabia,2016,8,9091,Semi-Auto,26254,Diesel,0,74.3,1.4,skoda.csv
Skoda,Rapid,2016,8,6991,Manual,52456,Diesel,0,78.5,1.4,skoda.csv
Skoda,Rapid,2016,8,6680,Manual,59997,Diesel,0,74.3,1.6,skoda.csv
Skoda,Rapid,2016,8,9795,Manual,15709,Diesel,0,78.5,1.4,skoda.csv
Skoda,Octavia,2016,8,8899,Manual,74244,Diesel,0,74.3,1.6,skoda.csv
Skoda,Fabia,2016,8,7991,Manual,17401,Diesel,0,78.6,1.4,skoda.csv
Skoda,Octavia,2016,8,9500,Semi-Auto,41000,Diesel,0,76.4,1.6,skoda.csv
Skoda,Octavia,2016,8,11295,Semi-Auto,18004,Diesel,0,76.4,1.6,skoda.csv
Skoda,Octavia,2016,8,9490,Manual,40501,Diesel,0,74.3,1.6,skoda.csv
Skoda,Octavia,2017,7,9490,Manual,48449,Diesel,0,74.3,1.6,skoda.csv
Skoda,Rapid,2015,9,7900,Manual,37657,Diesel,0,67.3,1.6,skoda.csv
Skoda,Octavia,2014,10,7698,Manual,57502,Diesel,0,74.3,1.6,skoda.csv
Skoda,Octavia,2016,8,10950,Manual,23750,Diesel,0,72.4,1.6,skoda.csv
Skoda,Octavia,2016,8,8499,Manual,50498,Diesel,0,74.3,1.6,skoda.csv
Skoda,Octavia,2016,8,10295,Manual,37078,Diesel,0,74.3,1.6,skoda.csv
Skoda,Rapid,2016,8,7695,Manual,59465,Diesel,0,67.3,1.6,skoda.csv
Skoda,Octavia,2014,10,8495,Manual,65299,Diesel,0,74.3,1.6,skoda.csv
Skoda,Octavia,2016,8,11499,Semi-Auto,15610,Diesel,0,76.4,1.6,skoda.csv
Skoda,Fabia,2016,8,6999,Manual,29000,Diesel,0,78.6,1.4,skoda.csv
Skoda,Octavia,2016,8,11500,Manual,24546,Diesel,0,74.3,1.6,skoda.csv
Skoda,Rapid,2016,8,5790,Manual,74129,Diesel,0,78.5,1.4,skoda.csv
Skoda,Rapid,2016,8,6985,Manual,49093,Diesel,0,74.3,1.6,skoda.csv
Skoda,Fabia,2015,9,7690,Semi-Auto,46079,Diesel,0,78.5,1.4,skoda.csv
Skoda,Rapid,2017,7,8485,Manual,32657,Diesel,0,74.3,1.6,skoda.csv
Skoda,Octavia,2016,8,7550,Manual,70661,Diesel,0,74.3,1.6,skoda.csv
Skoda,Octavia,2016,8,9243,Manual,59243,Diesel,0,74.3,1.6,skoda.csv
Skoda,Octavia,2016,8,10795,Manual,38653,Diesel,0,74.3,1.6,skoda.csv
Skoda,Octavia,2015,9,9000,Manual,38340,Diesel,0,74.3,1.6,skoda.csv
Skoda,Octavia,2016,8,9995,Semi-Auto,57951,Diesel,0,74.3,1.6,skoda.csv
Skoda,Octavia,2017,7,9610,Manual,44540,Diesel,0,74.3,1.6,skoda.csv
Skoda,Octavia,2016,8,10299,Manual,30363,Diesel,0,74.3,1.6,skoda.csv
Skoda,Rapid,2016,8,7991,Manual,33395,Diesel,0,67.3,1.6,skoda.csv
Skoda,Octavia,2017,7,9990,Manual,49144,Diesel,0,72.4,1.6,skoda.csv
Skoda,Octavia,2017,7,10195,Manual,39404,Diesel,0,72.4,1.6,skoda.csv
Skoda,Fabia,2015,9,6340,Manual,49175,Diesel,0,83.1,1.4,skoda.csv
Skoda,Octavia,2017,7,11298,Manual,18877,Diesel,0,74.3,1.6,skoda.csv
Skoda,Octavia,2017,7,10295,Manual,54333,Diesel,0,74.3,1.6,skoda.csv
Skoda,Fabia,2016,8,8990,Manual,14029,Diesel,0,78.6,1.4,skoda.csv
Skoda,Octavia,2014,10,5991,Manual,90004,Diesel,0,74.3,1.6,skoda.csv
Skoda,Fabia,2015,9,7495,Manual,46850,Diesel,0,78.6,1.4,skoda.csv
Skoda,Fabia,2015,9,6800,Manual,26300,Diesel,0,83.1,1.4,skoda.csv
Skoda,Octavia,2016,8,10650,Manual,19461,Diesel,0,74.3,1.6,skoda.csv
Skoda,Octavia,2016,8,10197,Semi-Auto,29092,Diesel,0,76.4,1.6,skoda.csv
Skoda,Octavia,2016,8,10650,Manual,19461,Diesel,0,74.3,1.6,skoda.csv
Skoda,Octavia,2014,10,9200,Manual,34365,Diesel,0,74.3,1.6,skoda.csv
Skoda,Rapid,2017,7,7450,Manual,55115,Diesel,0,74.3,1.6,skoda.csv
Skoda,Fabia,2016,8,7070,Manual,60250,Diesel,0,76.4,1.4,skoda.csv
Skoda,Octavia,2014,10,6800,Manual,71000,Diesel,0,74.3,1.6,skoda.csv
Skoda,Rapid,2015,9,6280,Manual,71558,Diesel,0,67.3,1.6,skoda.csv
Skoda,Octavia,2017,7,13495,Semi-Auto,12031,Diesel,0,74.3,1.6,skoda.csv
Skoda,Fabia,2016,8,7290,Manual,39806,Diesel,0,78.6,1.4,skoda.csv
Skoda,Fabia,2015,9,6580,Manual,65902,Diesel,0,83.1,1.4,skoda.csv
Skoda,Octavia,2015,9,8990,Manual,43480,Diesel,0,74.3,1.6,skoda.csv
Skoda,Rapid,2015,9,6040,Manual,76160,Diesel,0,67.3,1.6,skoda.csv
Skoda,Octavia,2017,7,10950,Manual,31000,Diesel,0,72.4,1.6,skoda.csv
Skoda,Octavia,2015,9,7450,Manual,57237,Diesel,0,74.3,1.6,skoda.csv
Skoda,Octavia,2016,8,10995,Manual,22000,Diesel,0,74.3,1.6,skoda.csv
Skoda,Octavia,2016,8,12495,Manual,12300,Diesel,0,74.3,1.6,skoda.csv
Skoda,Octavia,2017,7,11199,Manual,16352,Diesel,0,74.3,1.6,skoda.csv
Skoda,Octavia,2016,8,10490,Semi-Auto,44730,Diesel,0,76.4,1.6,skoda.csv
Skoda,Octavia,2014,10,8995,Manual,52400,Diesel,0,74.3,1.6,skoda.csv
Skoda,Octavia,2014,10,7990,Manual,51100,Diesel,0,74.3,1.6,skoda.csv
Skoda,Fabia,2015,9,7995,Manual,18737,Diesel,0,80.7,1.4,skoda.csv
Skoda,Octavia,2017,7,10495,Manual,34221,Diesel,0,72.4,1.6,skoda.csv
Skoda,Octavia,2014,10,6999,Manual,56800,Diesel,0,74.3,1.6,skoda.csv
Skoda,Octavia,2015,9,9300,Manual,26747,Diesel,0,74.3,1.6,skoda.csv
Skoda,Octavia,2017,7,13025,Semi-Auto,37952,Diesel,0,74.3,1.6,skoda.csv
Skoda,Rapid,2016,8,7200,Manual,36826,Diesel,0,78.5,1.4,skoda.csv
Skoda,Octavia,2017,7,10380,Manual,31506,Diesel,0,72.4,1.6,skoda.csv
Skoda,Octavia,2016,8,8990,Manual,48574,Diesel,0,74.3,1.6,skoda.csv
Skoda,Fabia,2016,8,6990,Manual,42080,Diesel,0,78.6,1.4,skoda.csv
Skoda,Fabia,2015,9,7290,Manual,35254,Diesel,0,78.6,1.4,skoda.csv
Skoda,Octavia,2015,9,7790,Manual,77086,Diesel,0,74.3,1.6,skoda.csv
Skoda,Octavia,2014,10,6500,Manual,65300,Diesel,0,74.3,1.6,skoda.csv
Skoda,Octavia,2014,10,7500,Manual,58590,Diesel,0,74.3,1.6,skoda.csv
Skoda,Octavia,2014,10,10000,Manual,30479,Diesel,0,74.3,1.6,skoda.csv
Skoda,Octavia,2016,8,11400,Manual,11000,Diesel,0,74.3,1.6,skoda.csv
Skoda,Octavia,2016,8,9917,Automatic,52013,Diesel,0,74.3,1.6,skoda.csv
Skoda,Octavia,2015,9,8994,Manual,26868,Diesel,0,74.3,1.6,skoda.csv
Skoda,Octavia,2017,7,8975,Manual,71907,Diesel,0,74.3,1.6,skoda.csv
Skoda,Fabia,2015,9,5699,Manual,36941,Diesel,0,78.6,1.4,skoda.csv
Skoda,Octavia,2016,8,9494,Manual,46000,Diesel,0,74.3,1.6,skoda.csv
Skoda,Octavia,2016,8,8990,Manual,36865,Diesel,0,72.4,1.6,skoda.csv
Skoda,Octavia,2016,8,10000,Manual,39667,Diesel,0,74.3,1.6,skoda.csv
Skoda,Rapid,2016,8,6440,Manual,68406,Diesel,0,78.5,1.4,skoda.csv
Skoda,Octavia,2016,8,8499,Manual,63642,Diesel,0,74.3,1.6,skoda.csv
Skoda,Octavia,2016,8,8689,Manual,51694,Diesel,0,74.3,1.6,skoda.csv
Skoda,Octavia,2016,8,9495,Manual,34840,Diesel,0,80.7,1.6,skoda.csv
Skoda,Octavia,2016,8,6491,Manual,112000,Diesel,0,74.3,1.6,skoda.csv
Skoda,Octavia,2016,8,6391,Manual,134000,Diesel,0,74.3,1.6,skoda.csv
Skoda,Octavia,2016,8,6491,Manual,112000,Diesel,0,74.3,1.6,skoda.csv
Skoda,Octavia,2017,7,10175,Manual,46498,Diesel,0,74.3,1.6,skoda.csv
Skoda,Fabia,2015,9,5990,Manual,57921,Diesel,0,78.6,1.4,skoda.csv
Skoda,Octavia,2016,8,7500,Automatic,91200,Diesel,0,74.3,1.6,skoda.csv
Skoda,Octavia,2017,7,11700,Semi-Auto,27476,Diesel,0,74.3,1.6,skoda.csv
Skoda,Octavia,2016,8,9200,Manual,59121,Diesel,0,74.3,1.6,skoda.csv
Skoda,Octavia,2017,7,10700,Manual,27099,Diesel,0,72.4,1.6,skoda.csv
Skoda,Fabia,2015,9,8800,Automatic,32453,Diesel,0,78.5,1.4,skoda.csv
Skoda,Octavia,2016,8,9600,Manual,31070,Diesel,0,74.3,1.6,skoda.csv
Skoda,Octavia,2014,10,7000,Manual,64990,Diesel,0,74.3,1.6,skoda.csv
Skoda,Fabia,2016,8,8125,Manual,36795,Diesel,0,78.5,1.4,skoda.csv
Skoda,Octavia,2016,8,8850,Manual,40705,Diesel,0,80.7,1.6,skoda.csv
Skoda,Octavia,2016,8,7795,Manual,89230,Diesel,0,74.3,1.6,skoda.csv
Skoda,Octavia,2016,8,7795,Manual,82980,Diesel,0,74.3,1.6,skoda.csv
Skoda,Rapid,2017,7,8850,Manual,18024,Diesel,0,74.3,1.6,skoda.csv
Skoda,Octavia,2016,8,7999,Manual,86552,Diesel,0,74.3,1.6,skoda.csv
Skoda,Fabia,2015,9,7295,Manual,42730,Diesel,0,78.6,1.4,skoda.csv
Skoda,Fabia,2015,9,6359,Manual,56162,Diesel,0,83.1,1.4,skoda.csv
Skoda,Octavia,2015,9,8169,Manual,71668,Diesel,0,74.3,1.6,skoda.csv
Skoda,Octavia,2015,9,7775,Manual,75000,Diesel,0,80.7,1.6,skoda.csv
Skoda,Octavia,2016,8,8375,Manual,55000,Diesel,0,74.3,1.6,skoda.csv
Skoda,Fabia,2015,9,7389,Automatic,52258,Diesel,0,78.5,1.4,skoda.csv
Skoda,Octavia,2017,7,10900,Manual,32049,Diesel,0,72.4,1.6,skoda.csv
Skoda,Octavia,2016,8,9348,Manual,45801,Diesel,0,74.3,1.6,skoda.csv
Skoda,Octavia,2016,8,8099,Manual,89256,Diesel,0,74.3,1.6,skoda.csv
Skoda,Octavia,2017,7,10000,Manual,36891,Diesel,0,74.3,1.6,skoda.csv
Skoda,Octavia,2016,8,8695,Manual,42000,Diesel,0,74.3,1.6,skoda.csv
Skoda,Superb,2016,8,12950,Manual,46574,Diesel,0,76.4,1.6,skoda.csv
Skoda,Octavia,2016,8,7895,Manual,84632,Diesel,0,74.3,1.6,skoda.csv
Skoda,Octavia,2014,10,6795,Manual,80234,Diesel,0,74.3,1.6,skoda.csv
Skoda,Octavia,2016,8,7699,Manual,79929,Diesel,0,74.3,1.6,skoda.csv
Skoda,Octavia,2016,8,8099,Manual,81748,Diesel,0,80.7,1.6,skoda.csv
Skoda,Octavia,2015,9,8599,Manual,57718,Diesel,0,74.3,1.6,skoda.csv
Skoda,Octavia,2017,7,8800,Manual,51233,Diesel,0,74.3,1.6,skoda.csv
Skoda,Octavia,2013,11,4980,Manual,144300,Diesel,0,74.3,1.6,skoda.csv
Skoda,Octavia,2015,9,5980,Manual,175500,Diesel,0,74.3,1.6,skoda.csv
Toyota,Yaris,2016,8,7495,Manual,52000,Diesel,0,80.7,1.4,toyota.csv
Toyota,Yaris,2014,10,5495,Manual,52354,Diesel,0,72.4,1.4,toyota.csv
Toyota,Yaris,2017,7,8995,Manual,34985,Diesel,0,80.7,1.4,toyota.csv
Toyota,Yaris,2017,7,8295,Manual,34000,Diesel,0,80.7,1.4,toyota.csv
Toyota,Yaris,2017,7,8495,Manual,28000,Diesel,0,80.7,1.4,toyota.csv
Toyota,Yaris,2017,7,9995,Manual,24630,Diesel,0,80.7,1.4,toyota.csv
Toyota,Yaris,2017,7,7000,Manual,64754,Diesel,0,80.7,1.4,toyota.csv
Toyota,Yaris,2014,10,5995,Manual,60067,Diesel,0,72.4,1.4,toyota.csv
Toyota,Yaris,2014,10,6100,Manual,47481,Diesel,0,72.4,1.4,toyota.csv
Toyota,Yaris,2014,10,5590,Manual,75452,Diesel,0,74.3,1.4,toyota.csv
Toyota,Yaris,2015,9,6498,Manual,46604,Diesel,0,80.7,1.4,toyota.csv
Toyota,Yaris,2014,10,6295,Manual,42472,Diesel,0,72.4,1.4,toyota.csv
Toyota,Yaris,2016,8,6895,Manual,40254,Diesel,0,80.7,1.4,toyota.csv
Toyota,Yaris,2016,8,5490,Manual,68000,Diesel,0,80.7,1.4,toyota.csv
Toyota,Yaris,2014,10,5999,Manual,45876,Diesel,0,72.4,1.4,toyota.csv
Toyota,Yaris,2017,7,6495,Manual,66279,Diesel,0,80.7,1.4,toyota.csv
Toyota,Yaris,2015,9,6989,Manual,24000,Diesel,0,80.7,1.4,toyota.csv
Toyota,Auris,2014,10,6498,Manual,75130,Diesel,0,74.3,1.4,toyota.csv
Toyota,Auris,2016,8,8995,Manual,47000,Diesel,0,83.1,1.4,toyota.csv
Toyota,Auris,2016,8,9495,Manual,29641,Diesel,0,80.7,1.4,toyota.csv
Toyota,Auris,2015,9,7965,Manual,47218,Diesel,0,74.3,1.4,toyota.csv
Toyota,Auris,2015,9,8291,Manual,49118,Diesel,0,80.7,1.4,toyota.csv
Toyota,Auris,2014,10,7290,Manual,51996,Diesel,0,74.3,1.4,toyota.csv
Toyota,Auris,2014,10,6499,Manual,87650,Diesel,0,74.3,1.4,toyota.csv
Toyota,Auris,2016,8,7995,Manual,71106,Diesel,0,80.7,1.4,toyota.csv
Toyota,Auris,2015,9,8395,Manual,31285,Diesel,0,74.3,1.4,toyota.csv
Toyota,Auris,2015,9,8295,Manual,41100,Diesel,0,74.3,1.4,toyota.csv
Vauxhall,Corsa,2016,8,8200,Manual,38240,Diesel,0,88.3,1.3,vauxhall.csv
Vauxhall,Corsa,2016,8,7995,Manual,36250,Diesel,0,85.6,1.3,vauxhall.csv
Vauxhall,Corsa,2016,8,7495,Manual,45685,Diesel,0,85.6,1.3,vauxhall.csv
Vauxhall,Corsa,2015,9,6498,Manual,29652,Diesel,0,83.1,1.3,vauxhall.csv
Vauxhall,Corsa,2016,8,7998,Manual,23868,Diesel,0,85.6,1.3,vauxhall.csv
Vauxhall,Corsa,2015,9,6450,Manual,58000,Diesel,0,85.6,1.3,vauxhall.csv
Vauxhall,Corsa,2016,8,9998,Manual,7199,Diesel,0,85.6,1.3,vauxhall.csv
Vauxhall,Corsa,2016,8,8998,Manual,11842,Diesel,0,88.3,1.3,vauxhall.csv
Vauxhall,Corsa,2015,9,6890,Manual,31183,Diesel,0,83.1,1.3,vauxhall.csv
Vauxhall,Corsa,2015,9,6241,Manual,43173,Diesel,0,76.3,1.3,vauxhall.csv
Vauxhall,Corsa,2016,8,6000,Manual,71999,Diesel,0,88.3,1.3,vauxhall.csv
Vauxhall,Corsa,2016,8,6990,Manual,52744,Diesel,0,83.1,1.3,vauxhall.csv
Vauxhall,Corsa,2016,8,5591,Manual,57658,Diesel,0,76.3,1.3,vauxhall.csv
Vauxhall,Corsa,2016,8,6970,Manual,39429,Diesel,0,83.1,1.3,vauxhall.csv
Vauxhall,Corsa,2016,8,7549,Manual,38644,Diesel,0,88.3,1.3,vauxhall.csv
Vauxhall,Corsa,2016,8,8500,Manual,12985,Diesel,0,88.3,1.3,vauxhall.csv
Vauxhall,Corsa,2016,8,7400,Manual,27700,Diesel,0,85.6,1.3,vauxhall.csv
Vauxhall,Corsa,2015,9,6200,Manual,40383,Diesel,0,74.3,1.3,vauxhall.csv
Vauxhall,Corsa,2016,8,7480,Manual,19243,Diesel,0,85.6,1.3,vauxhall.csv
Vauxhall,Corsa,2015,9,5997,Manual,56000,Diesel,0,74.3,1.3,vauxhall.csv
Vauxhall,Corsa,2015,9,6850,Manual,38050,Diesel,0,88.3,1.3,vauxhall.csv
Vauxhall,Corsa,2016,8,7400,Manual,26760,Diesel,0,85.6,1.3,vauxhall.csv
Vauxhall,Corsa,2016,8,5560,Manual,72600,Diesel,0,85.6,1.3,vauxhall.csv
Vauxhall,Corsa,2015,9,5745,Manual,82011,Diesel,0,85.6,1.3,vauxhall.csv
Vauxhall,Corsa,2016,8,7250,Manual,21415,Diesel,0,85.6,1.3,vauxhall.csv
Vauxhall,Corsa,2015,9,6790,Manual,48232,Diesel,0,83.1,1.3,vauxhall.csv
Vauxhall,Corsa,2013,11,4000,Manual,68995,Diesel,0,83.1,1.3,vauxhall.csv
Vauxhall,Corsa,2016,8,6795,Manual,46124,Diesel,0,83.1,1.3,vauxhall.csv
Vauxhall,Corsa,2017,7,7450,Manual,47000,Diesel,0,85.6,1.2,vauxhall.csv
Vauxhall,Corsa,2016,8,5490,Manual,58000,Diesel,0,88.3,1.2,vauxhall.csv
Vauxhall,Corsa,2016,8,7500,Manual,35653,Diesel,0,78.5,1.2,vauxhall.csv
Vauxhall,Corsa,2014,10,4795,Manual,72500,Diesel,0,85.6,1.2,vauxhall.csv
Vauxhall,Corsa,2015,9,6999,Manual,32632,Diesel,0,83.1,1.2,vauxhall.csv
Vauxhall,Corsa,2016,8,6399,Manual,57851,Diesel,0,83.1,1.2,vauxhall.csv
Vauxhall,Corsa,2016,8,6299,Manual,54144,Diesel,0,85.6,1.2,vauxhall.csv
Vauxhall,Corsa,2016,8,6600,Manual,47478,Diesel,0,85.6,1.2,vauxhall.csv
Vauxhall,Corsa,2016,8,5795,Manual,61860,Diesel,0,83.1,1.2,vauxhall.csv
Vauxhall,Corsa,2016,8,5999,Semi-Auto,64000,Diesel,0,85.6,1.2,vauxhall.csv
Vauxhall,Corsa,2010,14,2795,Manual,104000,Diesel,0,76.3,1.2,vauxhall.csv
Vauxhall,Corsa,2014,10,3500,Manual,71000,Diesel,0,85.6,1.2,vauxhall.csv
Vauxhall,Corsa,2017,7,7999,Manual,18150,Diesel,0,85.6,1.2,vauxhall.csv
Vauxhall,Corsa,2015,9,4799,Manual,64482,Diesel,0,74.3,1.2,vauxhall.csv
Vauxhall,Corsa,2015,9,5795,Manual,76970,Diesel,0,85.6,1.2,vauxhall.csv
Vauxhall,Corsa,2016,8,7995,Manual,55164,Diesel,0,88.3,1.2,vauxhall.csv
Vauxhall,Corsa,2016,8,6200,Manual,45914,Diesel,0,83.1,1.2,vauxhall.csv
Vauxhall,Corsa,2017,7,7100,Manual,35396,Diesel,0,78.5,1.2,vauxhall.csv
Vauxhall,Astra,2016,8,9998,Manual,12788,Diesel,0,76.3,1.6,vauxhall.csv
Vauxhall,Astra,2016,8,7998,Manual,42198,Diesel,0,76.3,1.6,vauxhall.csv
Vauxhall,Astra,2016,8,7998,Manual,43143,Diesel,0,78.5,1.6,vauxhall.csv
Vauxhall,Astra,2016,8,8298,Manual,54794,Diesel,0,74.3,1.6,vauxhall.csv
Vauxhall,Astra,2016,8,7698,Manual,69070,Diesel,0,78.5,1.6,vauxhall.csv
Vauxhall,Astra,2017,7,9498,Manual,29223,Diesel,0,78.5,1.6,vauxhall.csv
Vauxhall,Astra,2016,8,9298,Manual,30337,Diesel,0,76.3,1.6,vauxhall.csv
Vauxhall,Astra,2016,8,7998,Manual,38521,Diesel,0,78.5,1.6,vauxhall.csv
Vauxhall,Astra,2016,8,9210,Manual,23788,Diesel,0,76.3,1.6,vauxhall.csv
Vauxhall,Astra,2016,8,7998,Manual,52279,Diesel,0,76.3,1.6,vauxhall.csv
Vauxhall,Astra,2016,8,8998,Manual,34361,Diesel,0,74.3,1.6,vauxhall.csv
Vauxhall,Astra,2017,7,7998,Manual,66054,Diesel,0,76.3,1.6,vauxhall.csv
Vauxhall,Astra,2016,8,8620,Manual,31594,Diesel,0,76.3,1.6,vauxhall.csv
Vauxhall,Astra,2016,8,8998,Manual,35341,Diesel,0,76.3,1.6,vauxhall.csv
Vauxhall,Astra,2016,8,8998,Manual,34073,Diesel,0,76.3,1.6,vauxhall.csv
Vauxhall,Astra,2017,7,9498,Manual,21922,Diesel,0,78.5,1.6,vauxhall.csv
Vauxhall,Astra,2017,7,8298,Manual,54699,Diesel,0,83.1,1.6,vauxhall.csv
Vauxhall,Astra,2017,7,8998,Manual,41845,Diesel,0,83.1,1.6,vauxhall.csv
Vauxhall,Astra,2017,7,7998,Manual,57318,Diesel,0,83.1,1.6,vauxhall.csv
Vauxhall,Astra,2016,8,8698,Manual,40802,Diesel,0,76.3,1.6,vauxhall.csv
Vauxhall,Astra,2016,8,7991,Manual,43822,Diesel,0,76.3,1.6,vauxhall.csv
Vauxhall,Astra,2016,8,7998,Manual,47117,Diesel,0,85.6,1.6,vauxhall.csv
Vauxhall,Astra,2016,8,7698,Manual,57385,Diesel,0,76.3,1.6,vauxhall.csv
Vauxhall,Astra,2016,8,8498,Manual,40232,Diesel,0,74.3,1.6,vauxhall.csv
Vauxhall,Astra,2016,8,7698,Manual,52169,Diesel,0,76.3,1.6,vauxhall.csv
Vauxhall,Astra,2016,8,8698,Manual,37535,Diesel,0,76.3,1.6,vauxhall.csv
Vauxhall,Astra,2016,8,9498,Manual,22691,Diesel,0,76.3,1.6,vauxhall.csv
Vauxhall,Astra,2016,8,8995,Manual,42046,Diesel,0,76.3,1.6,vauxhall.csv
Vauxhall,Astra,2016,8,7995,Manual,33790,Diesel,0,78.5,1.6,vauxhall.csv
Vauxhall,Astra,2016,8,8895,Manual,30090,Diesel,0,76.3,1.6,vauxhall.csv
Vauxhall,Astra,2017,7,8980,Manual,29676,Diesel,0,76.3,1.6,vauxhall.csv
Vauxhall,Astra,2017,7,10530,Manual,21845,Diesel,0,83.1,1.6,vauxhall.csv
Vauxhall,Astra,2015,9,8299,Manual,33819,Diesel,0,76.3,1.6,vauxhall.csv
Vauxhall,Astra,2016,8,8725,Manual,36111,Diesel,0,85.6,1.6,vauxhall.csv
Vauxhall,Astra,2017,7,9999,Manual,28403,Diesel,0,76.3,1.6,vauxhall.csv
Vauxhall,Astra,2016,8,8499,Manual,42026,Diesel,0,78.5,1.6,vauxhall.csv
Vauxhall,Astra,2017,7,8995,Manual,41056,Diesel,0,83.1,1.6,vauxhall.csv
Vauxhall,Astra,2016,8,9498,Manual,7181,Diesel,0,76.3,1.6,vauxhall.csv
Vauxhall,Astra,2016,8,7965,Manual,36130,Diesel,0,76.3,1.6,vauxhall.csv
Vauxhall,Astra,2017,7,9480,Manual,30208,Diesel,0,76.3,1.6,vauxhall.csv
Vauxhall,Astra,2015,9,7300,Manual,56120,Diesel,0,76.3,1.6,vauxhall.csv
Vauxhall,Astra,2016,8,9955,Manual,51460,Diesel,0,85.6,1.6,vauxhall.csv
Vauxhall,Astra,2016,8,9040,Manual,30266,Diesel,0,78.5,1.6,vauxhall.csv
Vauxhall,Astra,2017,7,8500,Manual,33703,Diesel,0,76.3,1.6,vauxhall.csv
Vauxhall,Astra,2016,8,8150,Manual,37806,Diesel,0,78.5,1.6,vauxhall.csv
Vauxhall,Astra,2016,8,8020,Manual,33353,Diesel,0,78.5,1.6,vauxhall.csv
Vauxhall,Astra,2016,8,8400,Manual,30819,Diesel,0,76.3,1.6,vauxhall.csv
Vauxhall,Astra,2015,9,6131,Manual,55645,Diesel,0,76.3,1.6,vauxhall.csv
Vauxhall,Astra,2017,7,9011,Manual,30440,Diesel,0,78.5,1.6,vauxhall.csv
Vauxhall,Astra,2017,7,8520,Manual,37549,Diesel,0,76.3,1.6,vauxhall.csv
Vauxhall,Astra,2016,8,7298,Manual,63340,Diesel,0,78.5,1.6,vauxhall.csv
Vauxhall,Astra,2017,7,8750,Manual,30439,Diesel,0,78.5,1.6,vauxhall.csv
Vauxhall,Astra,2016,8,7195,Manual,82511,Diesel,0,83.1,1.6,vauxhall.csv
Vauxhall,Astra,2016,8,7995,Manual,86123,Diesel,0,80.7,1.6,vauxhall.csv
Vauxhall,Astra,2017,7,9910,Manual,17131,Diesel,0,76.3,1.6,vauxhall.csv
Vauxhall,Astra,2016,8,7700,Manual,61073,Diesel,0,85.6,1.6,vauxhall.csv
Vauxhall,Astra,2014,10,5695,Manual,59000,Diesel,0,76.3,1.6,vauxhall.csv
Vauxhall,Astra,2017,7,8391,Manual,49106,Diesel,0,83.1,1.6,vauxhall.csv
Vauxhall,Astra,2016,8,8200,Manual,30261,Diesel,0,76.3,1.6,vauxhall.csv
Vauxhall,Astra,2016,8,6790,Manual,79703,Diesel,0,76.3,1.6,vauxhall.csv
Vauxhall,Astra,2016,8,7982,Manual,41498,Diesel,0,85.6,1.6,vauxhall.csv
Vauxhall,Astra,2016,8,8998,Manual,34379,Diesel,0,76.3,1.6,vauxhall.csv
Vauxhall,Astra,2016,8,7477,Manual,55000,Diesel,0,76.3,1.6,vauxhall.csv
Vauxhall,Astra,2016,8,7500,Manual,37537,Diesel,0,76.3,1.6,vauxhall.csv
Vauxhall,Astra,2015,9,8495,Manual,25000,Diesel,0,76.3,1.6,vauxhall.csv
Vauxhall,Astra,2017,7,8310,Manual,37770,Diesel,0,76.3,1.6,vauxhall.csv
Vauxhall,Astra,2016,8,7682,Manual,72317,Diesel,0,83.1,1.6,vauxhall.csv
Vauxhall,Astra,2016,8,7991,Manual,55203,Diesel,0,76.3,1.6,vauxhall.csv
Vauxhall,Astra,2017,7,8080,Manual,42797,Diesel,0,85.6,1.6,vauxhall.csv
Vauxhall,Astra,2016,8,8000,Manual,42982,Diesel,0,76.3,1.6,vauxhall.csv
Vauxhall,Astra,2016,8,10791,Manual,23438,Diesel,0,76.3,1.6,vauxhall.csv
Vauxhall,Astra,2016,8,7703,Manual,48457,Diesel,0,85.6,1.6,vauxhall.csv
Vauxhall,Astra,2016,8,8600,Manual,35970,Diesel,0,78.5,1.6,vauxhall.csv
Vauxhall,Astra,2016,8,8999,Manual,31000,Diesel,0,76.3,1.6,vauxhall.csv
Vauxhall,Astra,2014,10,4991,Manual,76226,Diesel,0,76.3,1.6,vauxhall.csv
Vauxhall,Astra,2017,7,8298,Manual,52444,Diesel,0,78.5,1.6,vauxhall.csv
Vauxhall,Astra,2016,8,8750,Manual,12311,Diesel,0,85.6,1.6,vauxhall.csv
Vauxhall,Astra,2017,7,8000,Manual,49648,Diesel,0,83.1,1.6,vauxhall.csv
Vauxhall,Astra,2017,7,7840,Manual,52299,Diesel,0,83.1,1.6,vauxhall.csv
Vauxhall,Astra,2016,8,9230,Manual,20377,Diesel,0,76.3,1.6,vauxhall.csv
Vauxhall,Astra,2016,8,8280,Manual,42838,Diesel,0,76.3,1.6,vauxhall.csv
Vauxhall,Astra,2017,7,9991,Manual,36356,Diesel,0,83.1,1.6,vauxhall.csv
Vauxhall,Astra,2016,8,7999,Manual,51405,Diesel,0,78.5,1.6,vauxhall.csv
Vauxhall,Astra,2015,9,6799,Manual,63871,Diesel,0,76.3,1.6,vauxhall.csv
Vauxhall,Astra,2016,8,9099,Manual,53099,Diesel,0,85.6,1.6,vauxhall.csv
Vauxhall,Astra,2016,8,8290,Manual,42169,Diesel,0,85.6,1.6,vauxhall.csv
Vauxhall,Astra,2016,8,7798,Manual,51405,Diesel,0,78.5,1.6,vauxhall.csv
Vauxhall,Astra,2015,9,7750,Manual,48163,Diesel,0,76.3,1.6,vauxhall.csv
Vauxhall,Astra,2016,8,6995,Manual,58000,Diesel,0,78.5,1.6,vauxhall.csv
Vauxhall,Astra,2016,8,9498,Manual,30325,Diesel,0,78.5,1.6,vauxhall.csv
Vauxhall,Astra,2016,8,9495,Manual,40977,Diesel,0,76.3,1.6,vauxhall.csv
Vauxhall,Astra,2016,8,7000,Manual,61368,Diesel,0,78.5,1.6,vauxhall.csv
Vauxhall,Astra,2016,8,6490,Manual,84277,Diesel,0,85.6,1.6,vauxhall.csv
Vauxhall,Astra,2017,7,7070,Manual,68397,Diesel,0,85.6,1.6,vauxhall.csv
Vauxhall,Astra,2016,8,8728,Manual,29566,Diesel,0,78.5,1.6,vauxhall.csv
Vauxhall,Astra,2016,8,9824,Manual,55810,Diesel,0,83.1,1.6,vauxhall.csv
Vauxhall,Astra,2015,9,6995,Manual,36000,Diesel,0,76.3,1.6,vauxhall.csv
Vauxhall,Astra,2016,8,9995,Manual,18252,Diesel,0,76.3,1.6,vauxhall.csv
Vauxhall,Astra,2016,8,8999,Manual,53076,Diesel,0,76.3,1.6,vauxhall.csv
Vauxhall,Astra,2016,8,8499,Manual,53551,Diesel,0,78.5,1.6,vauxhall.csv
Vauxhall,Astra,2014,10,5801,Manual,53513,Diesel,0,76.3,1.7,vauxhall.csv
Vauxhall,Astra,2016,8,6990,Manual,42000,Diesel,0,78.5,1.6,vauxhall.csv
Vauxhall,Astra,2016,8,6990,Manual,39000,Diesel,0,76.3,1.6,vauxhall.csv
Vauxhall,Astra,2017,7,8850,Manual,48000,Diesel,0,83.1,1.6,vauxhall.csv
Vauxhall,Astra,2016,8,8400,Manual,56000,Diesel,0,78.5,1.6,vauxhall.csv
Vauxhall,Astra,2016,8,7550,Manual,70000,Diesel,0,78.5,1.6,vauxhall.csv
Vauxhall,Astra,2016,8,6990,Manual,47000,Diesel,0,85.6,1.6,vauxhall.csv
Vauxhall,Astra,2016,8,7490,Manual,42000,Diesel,0,83.1,1.6,vauxhall.csv
Vauxhall,Astra,2016,8,7490,Manual,35000,Diesel,0,78.5,1.6,vauxhall.csv
Vauxhall,Astra,2016,8,7490,Manual,46000,Diesel,0,83.1,1.6,vauxhall.csv
Vauxhall,Astra,2016,8,8999,Manual,25410,Diesel,0,76.3,1.6,vauxhall.csv
Vauxhall,Astra,2017,7,7390,Manual,72536,Diesel,0,83.1,1.6,vauxhall.csv
Vauxhall,Astra,2016,8,8350,Manual,37486,Diesel,0,76.3,1.6,vauxhall.csv
Vauxhall,Astra,2016,8,7050,Manual,52636,Diesel,0,78.5,1.6,vauxhall.csv
Vauxhall,Astra,2015,9,7599,Manual,33566,Diesel,0,78.5,1.6,vauxhall.csv
Vauxhall,Astra,2017,7,10990,Manual,11981,Diesel,0,76.3,1.6,vauxhall.csv
Vauxhall,Astra,2016,8,8290,Manual,49328,Diesel,0,76.3,1.6,vauxhall.csv
Vauxhall,Astra,2016,8,5292,Manual,126000,Diesel,0,83.1,1.6,vauxhall.csv
Vauxhall,Astra,2016,8,6995,Manual,66745,Diesel,0,76.3,1.6,vauxhall.csv
Vauxhall,Astra,2014,10,4192,Manual,112000,Diesel,0,76.3,1.6,vauxhall.csv
Vauxhall,Astra,2016,8,8749,Manual,67289,Diesel,0,74.3,1.6,vauxhall.csv
Vauxhall,Astra,2016,8,5493,Manual,126000,Diesel,0,83.1,1.6,vauxhall.csv
Vauxhall,Astra,2016,8,7999,Manual,40239,Diesel,0,78.5,1.6,vauxhall.csv
Vauxhall,Astra,2016,8,8440,Manual,27000,Diesel,0,78.5,1.6,vauxhall.csv
Vauxhall,Astra,2016,8,7250,Manual,63240,Diesel,0,78.5,1.6,vauxhall.csv
Vauxhall,Astra,2016,8,5999,Manual,71313,Diesel,0,85.6,1.6,vauxhall.csv
Vauxhall,Astra,2016,8,6899,Manual,66267,Diesel,0,78.5,1.6,vauxhall.csv
Vauxhall,Astra,2017,7,8499,Manual,21678,Diesel,0,85.6,1.6,vauxhall.csv
Vauxhall,Astra,2016,8,8695,Manual,46281,Diesel,0,76.3,1.6,vauxhall.csv
Vauxhall,Astra,2016,8,7195,Manual,87960,Diesel,0,83.1,1.6,vauxhall.csv
Vauxhall,Astra,2016,8,7500,Manual,56880,Diesel,0,76.3,1.6,vauxhall.csv
Vauxhall,Astra,2017,7,10400,Manual,35394,Diesel,0,76.3,1.6,vauxhall.csv
Vauxhall,Astra,2015,9,7000,Manual,54585,Diesel,0,78.5,1.6,vauxhall.csv
Vauxhall,Astra,2016,8,8700,Manual,21268,Diesel,0,76.3,1.6,vauxhall.csv
Vauxhall,Astra,2015,9,9000,Manual,30178,Diesel,0,76.3,1.6,vauxhall.csv
Vauxhall,Astra,2016,8,8500,Manual,24088,Diesel,0,85.6,1.6,vauxhall.csv
Vauxhall,Astra,2016,8,8800,Manual,30223,Diesel,0,76.3,1.6,vauxhall.csv
Vauxhall,Astra,2016,8,9000,Manual,39981,Diesel,0,78.5,1.6,vauxhall.csv
Vauxhall,Astra,2017,7,11000,Manual,18396,Diesel,0,80.7,1.6,vauxhall.csv
Vauxhall,Astra,2016,8,7475,Manual,50932,Diesel,0,85.6,1.6,vauxhall.csv
Vauxhall,Astra,2016,8,8295,Manual,45750,Diesel,0,83.1,1.6,vauxhall.csv
Vauxhall,Astra,2016,8,11000,Manual,67040,Diesel,0,76.3,1.6,vauxhall.csv
Vauxhall,Astra,2016,8,7000,Manual,63970,Diesel,0,78.5,1.6,vauxhall.csv
Vauxhall,Astra,2017,7,8399,Manual,44000,Diesel,0,83.1,1.6,vauxhall.csv
Vauxhall,Astra,2013,11,3599,Manual,95000,Diesel,0,76.3,1.7,vauxhall.csv
Vauxhall,Astra,2016,8,7999,Manual,32619,Diesel,0,78.5,1.6,vauxhall.csv
Vauxhall,Astra,2015,9,9000,Manual,38290,Diesel,0,76.3,1.6,vauxhall.csv
Vauxhall,Astra,2016,8,6449,Manual,83191,Diesel,0,78.5,1.6,vauxhall.csv
Vauxhall,Astra,2017,7,7500,Manual,73164,Diesel,0,83.1,1.6,vauxhall.csv
Vauxhall,Astra,2016,8,7250,Manual,49952,Diesel,0,85.6,1.6,vauxhall.csv
Vauxhall,Astra,2016,8,8048,Manual,38956,Diesel,0,78.5,1.6,vauxhall.csv
Vauxhall,Astra,2017,7,9249,Manual,46023,Diesel,0,83.1,1.6,vauxhall.csv
Vauxhall,Astra,2015,9,5991,Manual,77237,Diesel,0,76.3,1.6,vauxhall.csv
Vauxhall,Astra,2015,9,6950,Manual,49916,Diesel,0,78.5,1.6,vauxhall.csv
Vauxhall,Astra,2016,8,9000,Manual,22310,Diesel,0,83.1,1.6,vauxhall.csv
Vauxhall,Astra,2016,8,6000,Manual,93120,Diesel,0,85.6,1.6,vauxhall.csv
Vauxhall,Astra,2016,8,6295,Manual,92690,Diesel,0,83.1,1.6,vauxhall.csv
Vauxhall,Astra,2015,9,7899,Manual,43035,Diesel,0,76.3,1.6,vauxhall.csv
Vauxhall,Astra,2016,8,6399,Manual,69960,Diesel,0,78.5,1.6,vauxhall.csv
Vauxhall,Astra,2016,8,6499,Manual,78772,Diesel,0,78.5,1.6,vauxhall.csv
Vauxhall,Astra,2016,8,8899,Manual,28788,Diesel,0,78.5,1.6,vauxhall.csv
Vauxhall,Astra,2016,8,6599,Manual,66027,Diesel,0,78.5,1.6,vauxhall.csv
Vauxhall,Astra,2016,8,8799,Manual,32554,Diesel,0,83.1,1.6,vauxhall.csv
Vauxhall,Astra,2016,8,7999,Manual,50941,Diesel,0,78.5,1.6,vauxhall.csv
Vauxhall,Astra,2015,9,6499,Manual,53686,Diesel,0,76.3,1.6,vauxhall.csv
Vauxhall,Astra,2016,8,7999,Manual,26719,Diesel,0,83.1,1.6,vauxhall.csv
Vauxhall,Astra,2016,8,7399,Manual,52996,Diesel,0,83.1,1.6,vauxhall.csv
Vauxhall,Astra,2017,7,8889,Manual,37929,Diesel,0,85.6,1.6,vauxhall.csv
Vauxhall,Astra,2016,8,7499,Manual,39770,Diesel,0,85.6,1.6,vauxhall.csv
Vauxhall,Astra,2015,9,6995,Manual,71066,Diesel,0,78.5,1.6,vauxhall.csv
Vauxhall,Astra,2016,8,7495,Manual,49635,Diesel,0,85.6,1.6,vauxhall.csv
Vauxhall,Astra,2015,9,6499,Manual,105200,Diesel,0,78.5,1.6,vauxhall.csv
Vauxhall,Astra,2016,8,6995,Manual,57000,Diesel,0,76.3,1.6,vauxhall.csv
Vauxhall,Astra,2017,7,9800,Manual,12475,Diesel,0,76.3,1.6,vauxhall.csv
Vauxhall,Astra,2016,8,6600,Manual,65693,Diesel,0,85.6,1.6,vauxhall.csv
Vauxhall,Astra,2017,7,8400,Manual,35180,Diesel,0,83.1,1.6,vauxhall.csv
Vauxhall,Astra,2014,10,5350,Manual,94473,Diesel,0,76.3,1.6,vauxhall.csv
Vauxhall,Astra,2014,10,5250,Manual,100896,Diesel,0,76.3,1.6,vauxhall.csv
Vauxhall,Astra,2016,8,6790,Manual,61466,Diesel,0,85.6,1.6,vauxhall.csv
Vauxhall,Astra,2016,8,6828,Manual,87186,Diesel,0,85.6,1.6,vauxhall.csv
Vauxhall,Astra,2016,8,6925,Manual,85677,Diesel,0,83.1,1.6,vauxhall.csv
Vauxhall,Astra,2016,8,8250,Manual,39351,Diesel,0,83.1,1.6,vauxhall.csv
Vauxhall,Astra,2015,9,5975,Manual,58926,Diesel,0,78.5,1.6,vauxhall.csv
Vauxhall,Astra,2015,9,7775,Manual,47799,Diesel,0,78.5,1.6,vauxhall.csv
Vauxhall,Astra,2016,8,8000,Manual,53941,Diesel,0,78.5,1.6,vauxhall.csv
Vauxhall,Astra,2016,8,9999,Manual,25177,Diesel,0,83.1,1.6,vauxhall.csv
Vauxhall,Astra,2017,7,8662,Manual,47323,Diesel,0,76.3,1.6,vauxhall.csv
Vauxhall,Insignia,2015,9,6298,Manual,72806,Diesel,0,76.3,2.0,vauxhall.csv
Vauxhall,Insignia,2015,9,7991,Manual,32708,Diesel,0,76.3,2.0,vauxhall.csv
Vauxhall,Insignia,2016,8,7630,Manual,43447,Diesel,0,74.3,1.6,vauxhall.csv
Vauxhall,Insignia,2014,10,5995,Manual,45016,Diesel,0,76.3,2.0,vauxhall.csv
Vauxhall,Insignia,2016,8,6498,Manual,65973,Diesel,0,74.3,1.6,vauxhall.csv
Vauxhall,Insignia,2015,9,7795,Manual,61538,Diesel,0,76.3,2.0,vauxhall.csv
Vauxhall,Insignia,2015,9,8295,Manual,14666,Diesel,0,76.3,2.0,vauxhall.csv
Vauxhall,Insignia,2016,8,8999,Manual,35647,Diesel,0,74.3,1.6,vauxhall.csv
Vauxhall,Insignia,2014,10,8195,Manual,61201,Diesel,0,76.3,2.0,vauxhall.csv
Vauxhall,Insignia,2016,8,6999,Manual,68002,Diesel,0,74.3,1.6,vauxhall.csv
Vauxhall,Insignia,2015,9,7495,Manual,53939,Diesel,0,76.3,2.0,vauxhall.csv
Vauxhall,Insignia,2016,8,7710,Manual,63481,Diesel,0,74.3,1.6,vauxhall.csv
Vauxhall,Insignia,2015,9,7059,Manual,72495,Diesel,0,76.3,2.0,vauxhall.csv
Vauxhall,Insignia,2015,9,6891,Manual,52410,Diesel,0,76.3,2.0,vauxhall.csv
Vauxhall,Insignia,2014,10,6110,Manual,78864,Diesel,0,76.3,2.0,vauxhall.csv
Vauxhall,Insignia,2016,8,9510,Manual,10662,Diesel,0,74.3,1.6,vauxhall.csv
Vauxhall,Insignia,2015,9,5601,Manual,79759,Diesel,0,76.3,2.0,vauxhall.csv
Vauxhall,Insignia,2015,9,7798,Manual,50545,Diesel,0,76.3,2.0,vauxhall.csv
Vauxhall,Insignia,2016,8,8500,Manual,22717,Diesel,0,74.3,1.6,vauxhall.csv
Vauxhall,Insignia,2015,9,7990,Manual,48534,Diesel,0,76.3,2.0,vauxhall.csv
Vauxhall,Insignia,2014,10,6773,Manual,77099,Diesel,0,76.3,2.0,vauxhall.csv
Vauxhall,Insignia,2016,8,8290,Manual,29185,Diesel,0,74.3,1.6,vauxhall.csv
Vauxhall,Insignia,2015,9,7495,Manual,45958,Diesel,0,76.3,2.0,vauxhall.csv
Vauxhall,Insignia,2016,8,6980,Manual,76330,Diesel,0,74.3,1.6,vauxhall.csv
Vauxhall,Insignia,2015,9,8990,Manual,67582,Diesel,0,76.3,2.0,vauxhall.csv
Vauxhall,Insignia,2016,8,6999,Manual,79344,Diesel,0,74.3,1.6,vauxhall.csv
Vauxhall,Insignia,2015,9,6999,Manual,65201,Diesel,0,76.3,2.0,vauxhall.csv
Vauxhall,Insignia,2015,9,5999,Manual,97134,Diesel,0,76.3,2.0,vauxhall.csv
Vauxhall,Insignia,2015,9,8570,Manual,34088,Diesel,0,76.3,2.0,vauxhall.csv
Vauxhall,Insignia,2015,9,7495,Manual,52200,Diesel,0,76.3,2.0,vauxhall.csv
Vauxhall,Insignia,2016,8,6710,Manual,67564,Diesel,0,74.3,1.6,vauxhall.csv
Vauxhall,Insignia,2014,10,6040,Manual,66237,Diesel,0,76.3,2.0,vauxhall.csv
Vauxhall,Insignia,2015,9,8670,Manual,42292,Diesel,0,76.3,2.0,vauxhall.csv
Vauxhall,Insignia,2015,9,6722,Manual,83128,Diesel,0,76.3,2.0,vauxhall.csv
Vauxhall,Insignia,2015,9,8999,Manual,51985,Diesel,0,76.3,2.0,vauxhall.csv
Vauxhall,Insignia,2014,10,6499,Manual,67590,Diesel,0,76.3,2.0,vauxhall.csv
Vauxhall,Insignia,2014,10,8000,Manual,45780,Diesel,0,76.3,2.0,vauxhall.csv
Vauxhall,Insignia,2016,8,9000,Manual,36630,Diesel,0,74.3,1.6,vauxhall.csv
Vauxhall,Insignia,2016,8,7750,Manual,59000,Diesel,0,74.3,1.6,vauxhall.csv
Vauxhall,Insignia,2015,9,5490,Manual,88000,Diesel,0,76.3,2.0,vauxhall.csv
Vauxhall,Insignia,2016,8,6990,Manual,43000,Diesel,0,74.3,1.6,vauxhall.csv
Vauxhall,Insignia,2015,9,5990,Manual,57000,Diesel,0,76.3,2.0,vauxhall.csv
Vauxhall,Insignia,2014,10,6490,Manual,61000,Diesel,0,76.3,2.0,vauxhall.csv
Vauxhall,Insignia,2015,9,6490,Manual,55000,Diesel,0,76.3,2.0,vauxhall.csv
Vauxhall,Insignia,2016,8,5990,Manual,85000,Diesel,0,74.3,1.6,vauxhall.csv
Vauxhall,Insignia,2016,8,9000,Manual,30526,Diesel,0,74.3,1.6,vauxhall.csv
Vauxhall,Insignia,2016,8,6490,Manual,70000,Diesel,0,74.3,1.6,vauxhall.csv
Vauxhall,Insignia,2015,9,6969,Manual,51276,Diesel,0,76.3,2.0,vauxhall.csv
Vauxhall,Insignia,2015,9,7399,Manual,57364,Diesel,0,76.3,2.0,vauxhall.csv
Vauxhall,Insignia,2016,8,8550,Manual,33702,Diesel,0,74.3,1.6,vauxhall.csv
Vauxhall,Insignia,2016,8,8688,Manual,20184,Diesel,0,74.3,1.6,vauxhall.csv
Vauxhall,Insignia,2015,9,5990,Manual,88448,Diesel,0,76.3,2.0,vauxhall.csv
Vauxhall,Insignia,2014,10,6000,Manual,63254,Diesel,0,76.3,2.0,vauxhall.csv
Vauxhall,Insignia,2014,10,5995,Manual,115241,Diesel,0,76.3,2.0,vauxhall.csv
Vauxhall,Insignia,2016,8,5493,Manual,108000,Diesel,0,74.3,1.6,vauxhall.csv
Vauxhall,Insignia,2016,8,5394,Manual,117000,Diesel,0,74.3,1.6,vauxhall.csv
Vauxhall,Insignia,2015,9,5792,Manual,102000,Diesel,0,74.3,1.6,vauxhall.csv
Vauxhall,Insignia,2016,8,5493,Manual,108000,Diesel,0,74.3,1.6,vauxhall.csv
Vauxhall,Insignia,2016,8,5394,Manual,117000,Diesel,0,74.3,1.6,vauxhall.csv
Vauxhall,Insignia,2016,8,4791,Manual,132000,Diesel,0,74.3,1.6,vauxhall.csv
Vauxhall,Insignia,2016,8,4991,Manual,130000,Diesel,0,74.3,1.6,vauxhall.csv
Vauxhall,Insignia,2014,10,4991,Manual,85000,Diesel,0,76.3,2.0,vauxhall.csv
Vauxhall,Insignia,2015,9,7899,Manual,49585,Diesel,0,76.3,2.0,vauxhall.csv
Vauxhall,Insignia,2015,9,5792,Manual,102000,Diesel,0,74.3,1.6,vauxhall.csv
Vauxhall,Insignia,2016,8,7799,Manual,41802,Diesel,0,74.3,1.6,vauxhall.csv
Vauxhall,Insignia,2014,10,6499,Manual,62193,Diesel,0,76.3,2.0,vauxhall.csv
Vauxhall,Insignia,2014,10,5295,Manual,64550,Diesel,0,76.3,2.0,vauxhall.csv
Vauxhall,Insignia,2015,9,9000,Manual,51937,Diesel,0,76.3,2.0,vauxhall.csv
Vauxhall,Insignia,2015,9,7600,Manual,41554,Diesel,0,76.3,2.0,vauxhall.csv
Vauxhall,Insignia,2016,8,8200,Manual,34842,Diesel,0,74.3,1.6,vauxhall.csv
Vauxhall,Insignia,2016,8,8295,Manual,31800,Diesel,0,74.3,1.6,vauxhall.csv
Vauxhall,Insignia,2016,8,7499,Manual,71305,Diesel,0,74.3,1.6,vauxhall.csv
Vauxhall,Insignia,2015,9,6999,Manual,60632,Diesel,0,74.3,1.6,vauxhall.csv
Vauxhall,Insignia,2015,9,5999,Manual,82632,Diesel,0,74.3,1.6,vauxhall.csv
Vauxhall,Insignia,2016,8,8413,Manual,25748,Diesel,0,74.3,1.6,vauxhall.csv
Vauxhall,Insignia,2016,8,6000,Manual,97500,Diesel,0,74.3,1.6,vauxhall.csv
Vauxhall,Insignia,2015,9,5500,Manual,93370,Diesel,0,76.3,2.0,vauxhall.csv
Vauxhall,Insignia,2016,8,5500,Manual,106520,Diesel,0,74.3,1.6,vauxhall.csv
Vauxhall,Insignia,2016,8,6195,Manual,92100,Diesel,0,74.3,1.6,vauxhall.csv
Vauxhall,Insignia,2016,8,7695,Manual,44420,Diesel,0,74.3,1.6,vauxhall.csv
Vauxhall,Insignia,2013,11,7699,Manual,56266,Diesel,0,76.3,2.0,vauxhall.csv
Vauxhall,Insignia,2015,9,7199,Manual,72932,Diesel,0,74.3,1.6,vauxhall.csv
Vauxhall,Insignia,2015,9,5499,Manual,86219,Diesel,0,72.4,2.0,vauxhall.csv
Vauxhall,Insignia,2015,9,5990,Manual,58000,Diesel,0,76.3,2.0,vauxhall.csv
Vauxhall,Insignia,2015,9,6995,Manual,49000,Diesel,0,76.3,2.0,vauxhall.csv
Vauxhall,Insignia,2016,8,7250,Manual,53626,Diesel,0,74.3,1.6,vauxhall.csv
Vauxhall,Insignia,2015,9,6899,Manual,73188,Diesel,0,76.3,2.0,vauxhall.csv
Vauxhall,Insignia,2013,11,5895,Manual,69000,Diesel,0,76.3,2.0,vauxhall.csv
Vauxhall,Insignia,2016,8,7195,Manual,60790,Diesel,0,74.3,1.6,vauxhall.csv
Vauxhall,Insignia,2017,7,7695,Manual,51840,Diesel,0,74.3,1.6,vauxhall.csv
Vauxhall,Insignia,2016,8,8295,Manual,39407,Diesel,0,74.3,1.6,vauxhall.csv
Vauxhall,Insignia,2016,8,7995,Manual,50158,Diesel,0,74.3,1.6,vauxhall.csv
Vauxhall,Insignia,2016,8,7490,Manual,47000,Diesel,0,74.3,1.6,vauxhall.csv
Vauxhall,Insignia,2015,9,6300,Manual,69659,Diesel,0,76.3,2.0,vauxhall.csv
Volkswagen,Golf,2013,11,9000,Manual,22400,Diesel,0,68.9,1.6,vw.csv
Volkswagen,Golf,2015,9,8485,Manual,52365,Diesel,0,68.9,1.6,vw.csv
Volkswagen,Golf,2014,10,8385,Manual,45703,Diesel,0,68.9,1.6,vw.csv
Volkswagen,Golf,2014,10,8990,Manual,53000,Diesel,0,68.9,1.6,vw.csv
Volkswagen,Golf,2016,8,10995,Manual,50340,Diesel,0,74.3,1.6,vw.csv
Volkswagen,Golf,2013,11,6999,Manual,100000,Diesel,0,74.3,1.6,vw.csv
Volkswagen,Golf,2016,8,8999,Manual,82000,Diesel,0,74.3,1.6,vw.csv
Volkswagen,Golf,2015,9,9495,Manual,25391,Diesel,0,68.9,1.6,vw.csv
Volkswagen,Golf,2017,7,11995,Manual,38599,Diesel,0,74.3,1.6,vw.csv
Volkswagen,Golf,2015,9,8295,Manual,59500,Diesel,0,74.3,1.6,vw.csv
Volkswagen,Golf,2016,8,10990,Manual,39127,Diesel,0,74.3,1.6,vw.csv
Volkswagen,Golf,2016,8,12485,Manual,38946,Diesel,0,74.3,1.6,vw.csv
Volkswagen,Golf,2017,7,10895,Manual,40900,Diesel,0,74.3,1.6,vw.csv
Volkswagen,Golf,2015,9,9995,Manual,39742,Diesel,0,68.9,1.6,vw.csv
Volkswagen,Golf,2016,8,11995,Manual,20665,Diesel,0,74.3,1.6,vw.csv
Volkswagen,Golf,2016,8,11799,Manual,35903,Diesel,0,74.3,1.6,vw.csv
Volkswagen,Golf,2017,7,12495,Manual,33455,Diesel,0,74.3,1.6,vw.csv
Volkswagen,Golf,2016,8,9995,Manual,56132,Diesel,0,74.3,1.6,vw.csv
Volkswagen,Golf,2016,8,10990,Manual,44629,Diesel,0,74.3,1.6,vw.csv
Volkswagen,Golf,2017,7,11490,Manual,60142,Diesel,0,74.3,1.6,vw.csv
Volkswagen,Golf,2015,9,8950,Manual,64221,Diesel,0,68.9,1.6,vw.csv
Volkswagen,Golf,2017,7,10490,Manual,43284,Diesel,0,74.3,1.6,vw.csv
Volkswagen,Golf,2015,9,8998,Manual,63372,Diesel,0,74.3,1.6,vw.csv
Volkswagen,Golf,2016,8,12498,Manual,31256,Diesel,0,74.3,1.6,vw.csv
Volkswagen,Golf,2016,8,9998,Manual,21230,Diesel,0,74.3,1.6,vw.csv
Volkswagen,Golf,2014,10,8698,Manual,35221,Diesel,0,88.3,1.6,vw.csv
Volkswagen,Golf,2013,11,6998,Manual,60039,Diesel,0,68.9,1.6,vw.csv
Volkswagen,Golf,2016,8,11498,Manual,21305,Diesel,0,74.3,1.6,vw.csv
Volkswagen,Golf,2016,8,11298,Manual,38599,Diesel,0,74.3,1.6,vw.csv
Volkswagen,Golf,2016,8,10298,Manual,57777,Diesel,0,74.3,1.6,vw.csv
Volkswagen,Golf,2016,8,10998,Manual,32725,Diesel,0,74.3,1.6,vw.csv
Volkswagen,Golf,2017,7,12298,Manual,16921,Diesel,0,74.3,1.6,vw.csv
Volkswagen,Golf,2016,8,10295,Manual,40546,Diesel,0,74.3,1.6,vw.csv
Volkswagen,Golf,2016,8,10995,Manual,26327,Diesel,0,74.3,1.6,vw.csv
Volkswagen,Golf,2013,11,6998,Manual,68931,Diesel,0,68.9,1.6,vw.csv
Volkswagen,Golf,2013,11,6498,Manual,81025,Diesel,0,68.9,1.6,vw.csv
Volkswagen,Golf,2015,9,8520,Manual,33785,Diesel,0,74.3,1.6,vw.csv
Volkswagen,Golf,2016,8,11998,Manual,28982,Diesel,0,74.3,1.6,vw.csv
Volkswagen,Golf,2017,7,11498,Manual,30062,Diesel,0,74.3,1.6,vw.csv
Volkswagen,Golf,2016,8,10998,Manual,32240,Diesel,0,74.3,1.6,vw.csv
Volkswagen,Golf,2016,8,9998,Manual,57395,Diesel,0,74.3,1.6,vw.csv
Volkswagen,Golf,2014,10,8198,Manual,42339,Diesel,0,68.9,1.6,vw.csv
Volkswagen,Golf,2016,8,11989,Manual,27821,Diesel,0,74.3,1.6,vw.csv
Volkswagen,Golf,2015,9,9450,Manual,55500,Diesel,0,68.9,1.6,vw.csv
Volkswagen,Golf,2016,8,11489,Manual,40744,Diesel,0,74.3,1.6,vw.csv
Volkswagen,Golf,2016,8,13489,Manual,19768,Diesel,0,74.3,1.6,vw.csv
Volkswagen,Golf,2016,8,11489,Manual,31643,Diesel,0,74.3,1.6,vw.csv
Volkswagen,Golf,2016,8,8800,Manual,68209,Diesel,0,74.3,1.6,vw.csv
Volkswagen,Golf,2016,8,10989,Manual,30697,Diesel,0,74.3,1.6,vw.csv
Volkswagen,Golf,2015,9,8498,Manual,62015,Diesel,0,74.3,1.6,vw.csv
Volkswagen,Golf,2016,8,11227,Manual,36676,Diesel,0,74.3,1.6,vw.csv
Volkswagen,Golf,2015,9,8480,Manual,42810,Diesel,0,68.9,1.6,vw.csv
Volkswagen,Golf,2016,8,11495,Manual,38844,Diesel,0,74.3,1.6,vw.csv
Volkswagen,Golf,2016,8,9020,Manual,28041,Diesel,0,74.3,1.6,vw.csv
Volkswagen,Golf,2015,9,8498,Manual,57512,Diesel,0,68.9,1.6,vw.csv
Volkswagen,Golf,2014,10,7498,Manual,70123,Diesel,0,88.3,1.6,vw.csv
Volkswagen,Golf,2016,8,8698,Manual,58821,Diesel,0,74.3,1.6,vw.csv
Volkswagen,Golf,2017,7,11798,Manual,29192,Diesel,0,74.3,1.6,vw.csv
Volkswagen,Golf,2016,8,12780,Semi-Auto,48394,Diesel,0,72.4,1.6,vw.csv
Volkswagen,Golf,2016,8,11547,Manual,18946,Diesel,0,74.3,1.6,vw.csv
Volkswagen,Golf,2013,11,7691,Manual,59293,Diesel,0,68.9,1.6,vw.csv
Volkswagen,Golf,2014,10,8891,Manual,33765,Diesel,0,68.9,1.6,vw.csv
Volkswagen,Golf,2017,7,12991,Manual,25567,Diesel,0,74.3,1.6,vw.csv
Volkswagen,Golf,2016,8,12191,Manual,27635,Diesel,0,74.3,1.6,vw.csv
Volkswagen,Golf,2014,10,7298,Manual,62953,Diesel,0,68.9,1.6,vw.csv
Volkswagen,Golf,2016,8,9495,Manual,53404,Diesel,0,74.3,1.6,vw.csv
Volkswagen,Golf,2017,7,11995,Manual,27637,Diesel,0,74.3,1.6,vw.csv
Volkswagen,Golf,2016,8,11495,Manual,30281,Diesel,0,74.3,1.6,vw.csv
Volkswagen,Golf,2015,9,7990,Manual,67387,Diesel,0,74.3,1.6,vw.csv
Volkswagen,Golf,2016,8,11695,Manual,38787,Diesel,0,74.3,1.6,vw.csv
Volkswagen,Golf,2016,8,11495,Manual,44733,Diesel,0,74.3,1.6,vw.csv
Volkswagen,Golf,2017,7,11995,Manual,38225,Diesel,0,74.3,1.6,vw.csv
Volkswagen,Golf,2016,8,12600,Manual,14794,Diesel,0,74.3,1.6,vw.csv
Volkswagen,Golf,2017,7,11495,Manual,58990,Diesel,0,74.3,1.6,vw.csv
Volkswagen,Golf,2017,7,11975,Manual,50694,Diesel,0,74.3,1.6,vw.csv
Volkswagen,Golf,2017,7,12750,Manual,35785,Diesel,0,74.3,1.6,vw.csv
Volkswagen,Golf,2015,9,9750,Manual,56282,Diesel,0,68.9,1.6,vw.csv
Volkswagen,Golf,2016,8,11995,Manual,35983,Diesel,0,74.3,1.6,vw.csv
Volkswagen,Golf,2016,8,9000,Manual,83672,Diesel,0,74.3,1.6,vw.csv
Volkswagen,Golf,2016,8,9000,Manual,80657,Diesel,0,74.3,1.6,vw.csv
Volkswagen,Golf,2016,8,11495,Manual,31196,Diesel,0,74.3,1.6,vw.csv
Volkswagen,Golf,2016,8,13400,Manual,19910,Diesel,0,74.3,1.6,vw.csv
Volkswagen,Golf,2016,8,11740,Manual,36388,Diesel,0,74.3,1.6,vw.csv
Volkswagen,Golf,2017,7,12698,Manual,15157,Diesel,0,74.3,1.6,vw.csv
Volkswagen,Golf,2016,8,10995,Manual,57261,Diesel,0,74.3,1.6,vw.csv
Volkswagen,Golf,2016,8,12495,Manual,25511,Diesel,0,74.3,1.6,vw.csv
Volkswagen,Golf,2017,7,11995,Manual,42200,Diesel,0,74.3,1.6,vw.csv
Volkswagen,Golf,2017,7,11783,Manual,39985,Diesel,0,74.3,1.6,vw.csv
Volkswagen,Golf,2016,8,10940,Manual,37299,Diesel,0,74.3,1.6,vw.csv
Volkswagen,Golf,2016,8,11498,Manual,17733,Diesel,0,74.3,1.6,vw.csv
Volkswagen,Golf,2017,7,11590,Manual,32614,Diesel,0,74.3,1.6,vw.csv
Volkswagen,Golf,2017,7,13000,Manual,42944,Diesel,0,74.3,1.6,vw.csv
Volkswagen,Golf,2017,7,11920,Manual,32362,Diesel,0,74.3,1.6,vw.csv
Volkswagen,Golf,2016,8,12980,Semi-Auto,20658,Diesel,0,72.4,1.6,vw.csv
Volkswagen,Golf,2016,8,11495,Manual,26900,Diesel,0,74.3,1.6,vw.csv
Volkswagen,Golf,2015,9,9040,Manual,39818,Diesel,0,74.3,1.6,vw.csv
Volkswagen,Golf,2016,8,11999,Manual,17874,Diesel,0,74.3,1.6,vw.csv
Volkswagen,Golf,2017,7,11990,Manual,25400,Diesel,0,74.3,1.6,vw.csv
Volkswagen,Golf,2016,8,11745,Manual,41682,Diesel,0,74.3,1.6,vw.csv
Volkswagen,Golf,2017,7,11695,Manual,63910,Diesel,0,74.3,1.6,vw.csv
Volkswagen,Golf,2016,8,8399,Manual,38282,Diesel,0,74.3,1.6,vw.csv
Volkswagen,Golf,2016,8,12000,Manual,21146,Diesel,0,74.3,1.6,vw.csv
Volkswagen,Golf,2015,9,8799,Manual,42000,Diesel,0,74.3,1.6,vw.csv
Volkswagen,Golf,2017,7,11490,Manual,32949,Diesel,0,74.3,1.6,vw.csv
Volkswagen,Golf,2015,9,8691,Manual,46927,Diesel,0,68.9,1.6,vw.csv
Volkswagen,Golf,2016,8,11498,Manual,33955,Diesel,0,74.3,1.6,vw.csv
Volkswagen,Golf,2016,8,11990,Manual,54635,Diesel,0,74.3,1.6,vw.csv
Volkswagen,Golf,2014,10,7490,Manual,66707,Diesel,0,68.9,1.6,vw.csv
Volkswagen,Golf,2016,8,12250,Manual,36000,Diesel,0,74.3,1.6,vw.csv
Volkswagen,Golf,2015,9,9841,Manual,37977,Diesel,0,68.9,1.6,vw.csv
Volkswagen,Golf,2016,8,9995,Manual,47532,Diesel,0,74.3,1.6,vw.csv
Volkswagen,Golf,2016,8,11501,Manual,41065,Diesel,0,74.3,1.6,vw.csv
Volkswagen,Golf,2017,7,11998,Manual,23878,Diesel,0,74.3,1.6,vw.csv
Volkswagen,Golf,2014,10,8795,Manual,42275,Diesel,0,68.9,1.6,vw.csv
Volkswagen,Golf,2016,8,10320,Manual,45725,Diesel,0,74.3,1.6,vw.csv
Volkswagen,Golf,2016,8,11298,Manual,40404,Diesel,0,74.3,1.6,vw.csv
Volkswagen,Golf,2017,7,11400,Manual,28480,Diesel,0,74.3,1.6,vw.csv
Volkswagen,Golf,2013,11,7810,Manual,66755,Diesel,0,68.9,1.6,vw.csv
Volkswagen,Golf,2016,8,11090,Manual,43380,Diesel,0,74.3,1.6,vw.csv
Volkswagen,Golf,2016,8,11981,Manual,37895,Diesel,0,74.3,1.6,vw.csv
Volkswagen,Golf,2016,8,11381,Manual,45000,Diesel,0,74.3,1.6,vw.csv
Volkswagen,Golf,2017,7,12392,Manual,28895,Diesel,0,74.3,1.6,vw.csv
Volkswagen,Golf,2016,8,12400,Manual,30312,Diesel,0,74.3,1.6,vw.csv
Volkswagen,Golf,2016,8,11171,Manual,36198,Diesel,0,74.3,1.6,vw.csv
Volkswagen,Golf,2017,7,12282,Manual,27747,Diesel,0,74.3,1.6,vw.csv
Volkswagen,Golf,2016,8,11956,Semi-Auto,50000,Diesel,0,72.4,1.6,vw.csv
Volkswagen,Golf,2017,7,12441,Manual,24477,Diesel,0,74.3,1.6,vw.csv
Volkswagen,Golf,2016,8,10372,Manual,47525,Diesel,0,74.3,1.6,vw.csv
Volkswagen,Golf,2016,8,11252,Manual,34504,Diesel,0,74.3,1.6,vw.csv
Volkswagen,Golf,2013,11,8762,Manual,35570,Diesel,0,68.9,1.6,vw.csv
Volkswagen,Golf,2017,7,12042,Manual,34021,Diesel,0,74.3,1.6,vw.csv
Volkswagen,Golf,2017,7,12872,Manual,15712,Diesel,0,74.3,1.6,vw.csv
Volkswagen,Golf,2016,8,12221,Manual,23977,Diesel,0,74.3,1.6,vw.csv
Volkswagen,Golf,2016,8,11662,Manual,29767,Diesel,0,74.3,1.6,vw.csv
Volkswagen,Golf,2016,8,11462,Manual,28925,Diesel,0,74.3,1.6,vw.csv
Volkswagen,Golf,2016,8,9231,Manual,54324,Diesel,0,74.3,1.6,vw.csv
Volkswagen,Golf,2017,7,13241,Manual,20701,Diesel,0,74.3,1.6,vw.csv
Volkswagen,Golf,2017,7,11591,Manual,42551,Diesel,0,74.3,1.6,vw.csv
Volkswagen,Golf,2016,8,10991,Manual,40203,Diesel,0,74.3,1.6,vw.csv
Volkswagen,Golf,2016,8,11450,Manual,24557,Diesel,0,74.3,1.6,vw.csv
Volkswagen,Golf,2016,8,10940,Manual,37299,Diesel,0,74.3,1.6,vw.csv
Volkswagen,Golf,2016,8,11995,Manual,25552,Diesel,0,74.3,1.6,vw.csv
Volkswagen,Golf,2016,8,10972,Manual,34013,Diesel,0,74.3,1.6,vw.csv
Volkswagen,Golf,2016,8,9940,Manual,57211,Diesel,0,74.3,1.6,vw.csv
Volkswagen,Golf,2017,7,13990,Manual,12661,Diesel,0,74.3,1.6,vw.csv
Volkswagen,Golf,2014,10,8952,Manual,42574,Diesel,0,68.9,1.6,vw.csv
Volkswagen,Golf,2017,7,12882,Manual,20665,Diesel,0,74.3,1.6,vw.csv
Volkswagen,Golf,2015,9,9301,Manual,66120,Diesel,0,68.9,1.6,vw.csv
Volkswagen,Golf,2014,10,5991,Manual,87803,Diesel,0,88.3,1.6,vw.csv
Volkswagen,Golf,2016,8,10590,Manual,41103,Diesel,0,74.3,1.6,vw.csv
Volkswagen,Golf,2015,9,10741,Manual,36724,Diesel,0,74.3,1.6,vw.csv
Volkswagen,Golf,2017,7,12001,Manual,38000,Diesel,0,74.3,1.6,vw.csv
Volkswagen,Golf,2016,8,10852,Manual,43090,Diesel,0,74.3,1.6,vw.csv
Volkswagen,Golf,2016,8,9202,Manual,51454,Diesel,0,74.3,1.6,vw.csv
Volkswagen,Golf,2014,10,9495,Manual,36762,Diesel,0,68.9,1.6,vw.csv
Volkswagen,Golf,2014,10,8995,Manual,31834,Diesel,0,74.3,1.6,vw.csv
Volkswagen,Golf,2017,7,13595,Manual,32093,Diesel,0,74.3,1.6,vw.csv
Volkswagen,Golf,2016,8,9950,Manual,46545,Diesel,0,74.3,1.6,vw.csv
Volkswagen,Golf,2015,9,9990,Manual,38636,Diesel,0,68.9,1.6,vw.csv
Volkswagen,Golf,2016,8,11499,Manual,38615,Diesel,0,74.3,1.6,vw.csv
Volkswagen,Golf,2015,9,9995,Manual,56521,Diesel,0,74.3,1.6,vw.csv
Volkswagen,Golf,2014,10,6497,Manual,74700,Diesel,0,88.3,1.6,vw.csv
Volkswagen,Golf,2016,8,14595,Semi-Auto,17080,Diesel,0,72.4,1.6,vw.csv
Volkswagen,Golf,2015,9,9091,Manual,51058,Diesel,0,74.3,1.6,vw.csv
Volkswagen,Golf,2017,7,10562,Manual,52397,Diesel,0,74.3,1.6,vw.csv
Volkswagen,Golf,2015,9,8995,Manual,39215,Diesel,0,88.3,1.6,vw.csv
Volkswagen,Golf,2016,8,11442,Manual,40540,Diesel,0,74.3,1.6,vw.csv
Volkswagen,Golf,2014,10,7990,Manual,72255,Diesel,0,68.9,1.6,vw.csv
Volkswagen,Golf,2013,11,6991,Manual,69711,Diesel,0,74.3,1.6,vw.csv
Volkswagen,Golf,2015,9,9450,Manual,35500,Diesel,0,68.9,1.6,vw.csv
Volkswagen,Golf,2013,11,7625,Manual,51790,Diesel,0,88.3,1.6,vw.csv
Volkswagen,Golf,2016,8,12700,Manual,8315,Diesel,0,74.3,1.6,vw.csv
Volkswagen,Golf,2016,8,10750,Manual,29870,Diesel,0,74.3,1.6,vw.csv
Volkswagen,Golf,2016,8,10990,Manual,44380,Diesel,0,74.3,1.6,vw.csv
Volkswagen,Golf,2015,9,9190,Manual,34423,Diesel,0,68.9,1.6,vw.csv
Volkswagen,Golf,2016,8,10999,Manual,39738,Diesel,0,74.3,1.6,vw.csv
Volkswagen,Golf,2013,11,8000,Manual,47230,Diesel,0,68.9,1.6,vw.csv
Volkswagen,Golf,2015,9,7790,Manual,70783,Diesel,0,68.9,1.6,vw.csv
Volkswagen,Golf,2014,10,8950,Manual,55291,Diesel,0,68.9,1.6,vw.csv
Volkswagen,Golf,2016,8,11490,Manual,48293,Diesel,0,74.3,1.6,vw.csv
Volkswagen,Golf,2017,7,12990,Manual,13251,Diesel,0,74.3,1.6,vw.csv
Volkswagen,Golf,2016,8,10444,Manual,32099,Diesel,0,74.3,1.6,vw.csv
Volkswagen,Golf,2013,11,7490,Manual,72599,Diesel,0,74.3,1.6,vw.csv
Volkswagen,Golf,2016,8,10990,Manual,44566,Diesel,0,74.3,1.6,vw.csv
Volkswagen,Golf,2016,8,11490,Manual,26386,Diesel,0,74.3,1.6,vw.csv
Volkswagen,Golf,2016,8,13310,Semi-Auto,29374,Diesel,0,72.4,1.6,vw.csv
Volkswagen,Golf,2015,9,7480,Manual,85240,Diesel,0,74.3,1.6,vw.csv
Volkswagen,Golf,2014,10,8200,Manual,49303,Diesel,0,68.9,1.6,vw.csv
Volkswagen,Golf,2016,8,7800,Manual,76520,Diesel,0,74.3,1.6,vw.csv
Volkswagen,Golf,2014,10,6300,Manual,73488,Diesel,0,88.3,1.6,vw.csv
Volkswagen,Golf,2017,7,11850,Manual,32013,Diesel,0,74.3,1.6,vw.csv
Volkswagen,Golf,2015,9,8590,Manual,40934,Diesel,0,88.3,1.6,vw.csv
Volkswagen,Golf,2017,7,12450,Manual,24978,Diesel,0,74.3,1.6,vw.csv
Volkswagen,Golf,2016,8,10190,Manual,44030,Diesel,0,74.3,1.6,vw.csv
Volkswagen,Golf,2016,8,11950,Manual,28000,Diesel,0,74.3,1.6,vw.csv
Volkswagen,Golf,2015,9,9450,Manual,41288,Diesel,0,68.9,1.6,vw.csv
Volkswagen,Golf,2015,9,7140,Manual,80300,Diesel,0,74.3,1.6,vw.csv
Volkswagen,Golf,2016,8,13490,Manual,17148,Diesel,0,74.3,1.6,vw.csv
Volkswagen,Golf,2016,8,11250,Manual,29723,Diesel,0,74.3,1.6,vw.csv
Volkswagen,Golf,2015,9,8750,Manual,49633,Diesel,0,68.9,1.6,vw.csv
Volkswagen,Golf,2016,8,11480,Manual,30074,Diesel,0,74.3,1.6,vw.csv
Volkswagen,Golf,2017,7,10480,Manual,53277,Diesel,0,74.3,1.6,vw.csv
Volkswagen,Golf,2015,9,9995,Manual,28912,Diesel,0,74.3,1.6,vw.csv
Volkswagen,Golf,2016,8,10670,Manual,29140,Diesel,0,74.3,1.6,vw.csv
Volkswagen,Golf,2016,8,10980,Manual,34570,Diesel,0,74.3,1.6,vw.csv
Volkswagen,Golf,2015,9,10950,Manual,51322,Diesel,0,74.3,1.6,vw.csv
Volkswagen,Golf,2017,7,11750,Manual,24857,Diesel,0,74.3,1.6,vw.csv
Volkswagen,Golf,2015,9,9690,Manual,41755,Diesel,0,74.3,1.6,vw.csv
Volkswagen,Golf,2016,8,9299,Manual,76762,Diesel,0,74.3,1.6,vw.csv
Volkswagen,Golf,2016,8,9495,Manual,59373,Diesel,0,74.3,1.6,vw.csv
Volkswagen,Golf,2015,9,9450,Manual,41214,Diesel,0,68.9,1.6,vw.csv
Volkswagen,Golf,2016,8,9995,Manual,49933,Diesel,0,74.3,1.6,vw.csv
Volkswagen,Golf,2017,7,11690,Manual,24511,Diesel,0,74.3,1.6,vw.csv
Volkswagen,Golf,2015,9,9990,Manual,32665,Diesel,0,68.9,1.6,vw.csv
Volkswagen,Golf,2014,10,8990,Manual,40413,Diesel,0,68.9,1.6,vw.csv
Volkswagen,Golf,2017,7,12799,Manual,11249,Diesel,0,74.3,1.6,vw.csv
Volkswagen,Golf,2016,8,10791,Manual,49650,Diesel,0,74.3,1.6,vw.csv
Volkswagen,Golf,2017,7,12699,Manual,11072,Diesel,0,74.3,1.6,vw.csv
Volkswagen,Golf,2016,8,11995,Manual,15997,Diesel,0,74.3,1.6,vw.csv
Volkswagen,Golf,2016,8,11795,Manual,9231,Diesel,0,74.3,1.6,vw.csv
Volkswagen,Golf,2017,7,14690,Semi-Auto,29328,Diesel,0,72.4,1.6,vw.csv
Volkswagen,Golf,2017,7,13251,Manual,19744,Diesel,0,74.3,1.6,vw.csv
Volkswagen,Golf,2016,8,11694,Manual,33205,Diesel,0,74.3,1.6,vw.csv
Volkswagen,Golf,2016,8,11495,Manual,25070,Diesel,0,74.3,1.6,vw.csv
Volkswagen,Golf,2017,7,11495,Manual,28178,Diesel,0,74.3,1.6,vw.csv
Volkswagen,Golf,2016,8,11225,Manual,37915,Diesel,0,74.3,1.6,vw.csv
Volkswagen,Golf,2016,8,12525,Manual,15730,Diesel,0,74.3,1.6,vw.csv
Volkswagen,Golf,2015,9,10490,Manual,47629,Diesel,0,88.3,1.6,vw.csv
Volkswagen,Golf,2017,7,12450,Manual,38462,Diesel,0,74.3,1.6,vw.csv
Volkswagen,Golf,2017,7,14075,Manual,28179,Diesel,0,74.3,1.6,vw.csv
Volkswagen,Golf,2016,8,12995,Manual,32000,Diesel,0,74.3,1.6,vw.csv
Volkswagen,Golf,2014,10,7495,Manual,49751,Diesel,0,68.9,1.6,vw.csv
Volkswagen,Golf,2017,7,9991,Manual,38536,Diesel,0,74.3,1.6,vw.csv
Volkswagen,Golf,2013,11,7991,Manual,37164,Diesel,0,74.3,1.6,vw.csv
Volkswagen,Golf,2016,8,9995,Manual,45642,Diesel,0,74.3,1.6,vw.csv
Volkswagen,Golf,2014,10,9995,Manual,24622,Diesel,0,68.9,1.6,vw.csv
Volkswagen,Golf,2016,8,10495,Manual,60009,Diesel,0,74.3,1.6,vw.csv
Volkswagen,Golf,2017,7,14392,Manual,18105,Diesel,0,74.3,1.6,vw.csv
Volkswagen,Golf,2017,7,11699,Manual,31069,Diesel,0,74.3,1.6,vw.csv
Volkswagen,Golf,2017,7,12200,Manual,23741,Diesel,0,74.3,1.6,vw.csv
Volkswagen,Golf,2017,7,11490,Manual,35378,Diesel,0,74.3,1.6,vw.csv
Volkswagen,Golf,2016,8,10699,Manual,20000,Diesel,0,72.4,1.6,vw.csv
Volkswagen,Golf,2016,8,11700,Manual,36062,Diesel,0,74.3,1.6,vw.csv
Volkswagen,Golf,2016,8,9400,Manual,40831,Diesel,0,72.4,1.6,vw.csv
Volkswagen,Golf,2016,8,8490,Manual,27000,Diesel,0,74.3,1.6,vw.csv
Volkswagen,Golf,2014,10,9300,Manual,41430,Diesel,0,68.9,1.6,vw.csv
Volkswagen,Golf,2016,8,8990,Manual,63000,Diesel,0,74.3,1.6,vw.csv
Volkswagen,Golf,2013,11,6490,Manual,75000,Diesel,0,68.9,1.6,vw.csv
Volkswagen,Golf,2014,10,7999,Manual,43903,Diesel,0,68.9,1.6,vw.csv
Volkswagen,Golf,2016,8,12500,Manual,14830,Diesel,0,74.3,1.6,vw.csv
Volkswagen,Golf,2016,8,11999,Manual,23834,Diesel,0,74.3,1.6,vw.csv
Volkswagen,Golf,2015,9,7799,Manual,57505,Diesel,0,88.3,1.6,vw.csv
Volkswagen,Golf,2017,7,7990,Manual,46000,Diesel,0,74.3,1.6,vw.csv
Volkswagen,Golf,2015,9,7990,Manual,54000,Diesel,0,74.3,1.6,vw.csv
Volkswagen,Golf,2015,9,6199,Manual,73409,Diesel,0,74.3,1.6,vw.csv
Volkswagen,Golf,2016,8,11499,Manual,38419,Diesel,0,74.3,1.6,vw.csv
Volkswagen,Golf,2015,9,7990,Manual,47000,Diesel,0,74.3,1.6,vw.csv
Volkswagen,Golf,2015,9,7990,Manual,40000,Diesel,0,68.9,1.6,vw.csv
Volkswagen,Golf,2016,8,9799,Manual,49643,Diesel,0,74.3,1.6,vw.csv
Volkswagen,Golf,2017,7,11213,Manual,37902,Diesel,0,74.3,1.6,vw.csv
Volkswagen,Golf,2016,8,13999,Automatic,19651,Diesel,0,72.4,1.6,vw.csv
Volkswagen,Golf,2016,8,13599,Manual,16829,Diesel,0,74.3,1.6,vw.csv
Volkswagen,Golf,2016,8,8940,Manual,81351,Diesel,0,74.3,1.6,vw.csv
Volkswagen,Golf,2014,10,7999,Manual,47006,Diesel,0,68.9,1.6,vw.csv
Volkswagen,Golf,2016,8,10340,Manual,39023,Diesel,0,74.3,1.6,vw.csv
Volkswagen,Golf,2015,9,9883,Manual,25724,Diesel,0,68.9,1.6,vw.csv
Volkswagen,Golf,2016,8,13199,Manual,10192,Diesel,0,74.3,1.6,vw.csv
Volkswagen,Golf,2016,8,11240,Manual,19074,Diesel,0,74.3,1.6,vw.csv
Volkswagen,Golf,2016,8,9889,Manual,44856,Diesel,0,74.3,1.6,vw.csv
Volkswagen,Golf,2014,10,6993,Manual,90000,Diesel,0,68.9,1.6,vw.csv
Volkswagen,Golf,2016,8,10999,Manual,33617,Diesel,0,74.3,1.6,vw.csv
Volkswagen,Golf,2015,9,8475,Manual,52210,Diesel,0,68.9,1.6,vw.csv
Volkswagen,Golf,2015,9,8804,Manual,39976,Diesel,0,74.3,1.6,vw.csv
Volkswagen,Golf,2016,8,10393,Manual,44906,Diesel,0,74.3,1.6,vw.csv
Volkswagen,Golf,2016,8,10699,Manual,41309,Diesel,0,74.3,1.6,vw.csv
Volkswagen,Golf,2016,8,10772,Manual,34167,Diesel,0,74.3,1.6,vw.csv
Volkswagen,Golf,2014,10,8653,Manual,30203,Diesel,0,88.3,1.6,vw.csv
Volkswagen,Golf,2014,10,8407,Manual,45999,Diesel,0,68.9,1.6,vw.csv
Volkswagen,Golf,2015,9,8999,Manual,41576,Diesel,0,74.3,1.6,vw.csv
Volkswagen,Golf,2016,8,10990,Manual,42600,Diesel,0,74.3,1.6,vw.csv
Volkswagen,Golf,2014,10,7799,Manual,75000,Diesel,0,68.9,1.6,vw.csv
Volkswagen,Golf,2012,12,6995,Manual,53439,Diesel,0,74.3,1.6,vw.csv
Volkswagen,Golf,2016,8,13700,Automatic,29386,Diesel,0,72.4,1.6,vw.csv
Volkswagen,Golf,2015,9,10000,Manual,27794,Diesel,0,88.3,1.6,vw.csv
Volkswagen,Golf,2016,8,11000,Manual,33000,Diesel,0,74.3,1.6,vw.csv
Volkswagen,Golf,2013,11,6500,Manual,79971,Diesel,0,74.3,1.6,vw.csv
Volkswagen,Golf,2015,9,8900,Manual,44000,Diesel,0,68.9,1.6,vw.csv
Volkswagen,Golf,2017,7,11500,Manual,22672,Diesel,0,74.3,1.6,vw.csv
Volkswagen,Golf,2015,9,8700,Manual,56304,Diesel,0,74.3,1.6,vw.csv
Volkswagen,Golf,2016,8,11495,Manual,36376,Diesel,0,74.3,1.6,vw.csv
Volkswagen,Golf,2016,8,13000,Manual,30209,Diesel,0,74.3,1.6,vw.csv
Volkswagen,Golf,2016,8,11800,Manual,30648,Diesel,0,74.3,1.6,vw.csv
Volkswagen,Golf,2017,7,12600,Manual,20340,Diesel,0,74.3,0.0,vw.csv
Volkswagen,Golf,2016,8,12700,Manual,33959,Diesel,0,74.3,1.6,vw.csv
Volkswagen,Golf,2016,8,8699,Manual,71560,Diesel,0,74.3,1.6,vw.csv
Volkswagen,Golf,2013,11,6999,Manual,76647,Diesel,0,68.9,1.6,vw.csv
Volkswagen,Golf,2017,7,11695,Manual,60520,Diesel,0,74.3,1.6,vw.csv
Volkswagen,Golf,2016,8,10425,Manual,41796,Diesel,0,74.3,1.6,vw.csv
Volkswagen,Golf,2017,7,12990,Manual,24955,Diesel,0,74.3,1.6,vw.csv
Volkswagen,Golf,2016,8,13590,Automatic,17673,Diesel,0,72.4,1.6,vw.csv
Volkswagen,Golf,2016,8,11499,Manual,22461,Diesel,0,74.3,1.6,vw.csv
Volkswagen,Golf,2016,8,12650,Manual,24692,Diesel,0,74.3,1.6,vw.csv
Volkswagen,Golf,2014,10,8299,Manual,39416,Diesel,0,68.9,1.6,vw.csv
Volkswagen,Golf,2016,8,12799,Automatic,43665,Diesel,0,72.4,1.6,vw.csv
Volkswagen,Golf,2016,8,12000,Manual,28674,Diesel,0,74.3,1.6,vw.csv
Volkswagen,Golf,2016,8,10500,Manual,40142,Diesel,0,74.3,1.6,vw.csv
Volkswagen,Golf,2016,8,10399,Manual,46113,Diesel,0,74.3,1.6,vw.csv
Volkswagen,Golf,2014,10,7796,Manual,55286,Diesel,0,68.9,1.6,vw.csv
Volkswagen,Golf,2015,9,7399,Manual,99521,Diesel,0,68.9,1.6,vw.csv
Volkswagen,Golf,2015,9,7672,Manual,71715,Diesel,0,74.3,1.6,vw.csv
Volkswagen,Golf,2014,10,6991,Manual,68063,Diesel,0,74.3,1.6,vw.csv
Volkswagen,Golf,2015,9,9650,Manual,30554,Diesel,0,88.3,1.6,vw.csv
Volkswagen,Golf,2013,11,7099,Manual,70230,Diesel,0,74.3,1.6,vw.csv
Volkswagen,Golf,2017,7,11950,Manual,56672,Diesel,0,74.3,1.6,vw.csv
Volkswagen,Golf,2013,11,6195,Manual,77610,Diesel,0,74.3,1.6,vw.csv
Volkswagen,Golf,2015,9,6500,Manual,93310,Diesel,0,88.3,1.6,vw.csv
Volkswagen,Golf,2015,9,6000,Manual,105060,Diesel,0,88.3,1.6,vw.csv
Volkswagen,Golf,2016,8,8940,Manual,46944,Diesel,0,74.3,1.6,vw.csv
Volkswagen,Golf,2016,8,10290,Manual,56704,Diesel,0,74.3,1.6,vw.csv
Volkswagen,Golf,2016,8,9990,Manual,70348,Diesel,0,74.3,1.6,vw.csv
Volkswagen,Golf,2016,8,10490,Manual,45110,Diesel,0,74.3,1.6,vw.csv
Volkswagen,Golf,2017,7,11298,Manual,29231,Diesel,0,74.3,1.6,vw.csv
Volkswagen,Golf,2016,8,12295,Manual,31393,Diesel,0,74.3,1.6,vw.csv
Volkswagen,Golf,2016,8,10490,Manual,50478,Diesel,0,74.3,1.6,vw.csv
Volkswagen,Golf,2016,8,10990,Manual,58325,Diesel,0,74.3,1.6,vw.csv
Volkswagen,Golf,2014,10,9290,Manual,36537,Diesel,0,68.9,1.6,vw.csv
Volkswagen,Golf,2016,8,11490,Manual,27356,Diesel,0,74.3,1.6,vw.csv
Volkswagen,Golf,2015,9,9290,Manual,45201,Diesel,0,68.9,1.6,vw.csv
Volkswagen,Golf,2017,7,12790,Manual,37794,Diesel,0,74.3,1.6,vw.csv
Volkswagen,Golf,2013,11,7499,Manual,70884,Diesel,0,68.9,1.6,vw.csv
Volkswagen,Golf,2016,8,11900,Manual,18152,Diesel,0,74.3,1.6,vw.csv
Volkswagen,Golf,2015,9,9999,Manual,28863,Diesel,0,74.3,1.6,vw.csv
Volkswagen,Golf,2017,7,12199,Manual,19637,Diesel,0,74.3,1.6,vw.csv
Volkswagen,Golf,2015,9,7689,Manual,86701,Diesel,0,68.9,1.6,vw.csv
Volkswagen,Golf,2016,8,12799,Manual,21421,Diesel,0,74.3,1.6,vw.csv
Volkswagen,Golf,2016,8,9750,Manual,70353,Diesel,0,74.3,1.6,vw.csv
Volkswagen,Golf,2016,8,12499,Manual,7818,Diesel,0,74.3,1.6,vw.csv
Volkswagen,Golf,2015,9,9499,Manual,47140,Diesel,0,74.3,1.6,vw.csv
Volkswagen,Golf,2013,11,7399,Manual,71242,Diesel,0,68.9,1.6,vw.csv
Volkswagen,Golf,2013,11,6375,Manual,90000,Diesel,0,68.9,1.6,vw.csv
Volkswagen,Golf,2013,11,6990,Manual,80000,Diesel,0,68.9,1.6,vw.csv
Volkswagen,Golf,2014,10,8999,Manual,32436,Diesel,0,68.9,1.6,vw.csv
Volkswagen,Golf,2014,10,8975,Manual,39000,Diesel,0,68.9,1.6,vw.csv
Volkswagen,Golf,2015,9,7475,Manual,66813,Diesel,0,88.3,1.6,vw.csv
Volkswagen,Golf,2016,8,11000,Manual,37345,Diesel,0,74.3,1.6,vw.csv
Volkswagen,Golf,2011,13,4295,Manual,105000,Diesel,0,74.3,1.6,vw.csv
Volkswagen,Golf,2016,8,10000,Manual,49619,Diesel,0,74.3,1.6,vw.csv
Volkswagen,Golf,2016,8,10490,Manual,41529,Diesel,0,74.3,1.6,vw.csv
Volkswagen,Golf,2016,8,10999,Manual,25252,Diesel,0,74.3,1.6,vw.csv
Volkswagen,Golf,2014,10,7975,Manual,59000,Diesel,0,68.9,1.6,vw.csv
Volkswagen,Golf,2016,8,8875,Manual,50000,Diesel,0,72.4,1.6,vw.csv
Volkswagen,Golf,2016,8,10290,Manual,46659,Diesel,0,72.4,1.6,vw.csv
Volkswagen,Golf,2016,8,10679,Manual,32861,Diesel,0,74.3,1.6,vw.csv
Volkswagen,Golf,2016,8,13699,Automatic,16022,Diesel,0,72.4,1.6,vw.csv
Volkswagen,Golf,2016,8,9899,Manual,48675,Diesel,0,74.3,1.6,vw.csv
Volkswagen,Golf,2015,9,8969,Manual,47746,Diesel,0,74.3,1.6,vw.csv
Volkswagen,Golf,2014,10,7399,Manual,72187,Diesel,0,88.3,1.6,vw.csv
Volkswagen,Golf,2013,11,6900,Manual,72230,Diesel,0,68.9,1.6,vw.csv
Volkswagen,Golf,2016,8,11290,Manual,34000,Diesel,0,74.3,1.6,vw.csv
Volkswagen,Golf,2013,11,8000,Manual,54000,Diesel,0,68.9,1.6,vw.csv
Volkswagen,Golf,2016,8,11000,Manual,40330,Diesel,0,74.3,1.6,vw.csv
Volkswagen,Golf,2014,10,9290,Manual,30000,Diesel,0,68.9,1.6,vw.csv
Volkswagen,Golf,2016,8,7695,Manual,101180,Diesel,0,74.3,1.6,vw.csv
Volkswagen,Golf,2016,8,12499,Manual,39163,Diesel,0,74.3,1.6,vw.csv
Volkswagen,Golf,2016,8,9989,Manual,73278,Diesel,0,74.3,1.6,vw.csv
Volkswagen,Golf,2016,8,9300,Manual,53623,Diesel,0,74.3,1.6,vw.csv
Volkswagen,Golf,2014,10,7500,Manual,67310,Diesel,0,88.3,1.6,vw.csv
Volkswagen,Golf,2013,11,5895,Manual,93000,Diesel,0,74.3,1.6,vw.csv
Volkswagen,Golf,2015,9,8700,Manual,55311,Diesel,0,68.9,1.6,vw.csv
Volkswagen,Golf,2013,11,5740,Manual,89000,Diesel,0,68.9,1.6,vw.csv
Volkswagen,Golf,2016,8,10100,Manual,30808,Diesel,0,74.3,1.6,vw.csv
Volkswagen,Golf,2015,9,9000,Manual,50267,Diesel,0,74.3,1.6,vw.csv
Volkswagen,Golf,2016,8,10500,Manual,30056,Diesel,0,74.3,1.6,vw.csv
Volkswagen,Golf,2016,8,11000,Manual,19758,Diesel,0,74.3,1.6,vw.csv
Volkswagen,Golf,2016,8,9400,Manual,54014,Diesel,0,74.3,1.6,vw.csv
Volkswagen,Golf,2013,11,8689,Manual,33000,Diesel,0,68.9,1.6,vw.csv
Volkswagen,Golf,2016,8,11154,Manual,26500,Diesel,0,74.3,1.6,vw.csv
Volkswagen,Passat,2015,9,8600,Manual,65655,Diesel,0,76.3,1.6,vw.csv
Volkswagen,Passat,2015,9,9999,Manual,57140,Diesel,0,76.3,1.6,vw.csv
Volkswagen,Passat,2016,8,7792,Manual,100000,Diesel,0,76.3,1.6,vw.csv
Volkswagen,Passat,2016,8,7792,Manual,100000,Diesel,0,76.3,1.6,vw.csv
Volkswagen,Passat,2016,8,8500,Manual,76350,Diesel,0,76.3,1.6,vw.csv
Volkswagen,Passat,2015,9,8000,Manual,79790,Diesel,0,76.3,1.6,vw.csv
Volkswagen,Passat,2016,8,11399,Manual,28426,Diesel,0,76.3,1.6,vw.csv
Volkswagen,Passat,2016,8,10500,Manual,43699,Diesel,0,76.3,1.6,vw.csv
Volkswagen,Polo,2016,8,10995,Manual,10768,Diesel,0,60.1,1.4,vw.csv
Volkswagen,Polo,2015,9,8500,Manual,24162,Diesel,0,83.1,1.4,vw.csv
Volkswagen,Polo,2017,7,7790,Manual,51376,Diesel,0,74.3,1.4,vw.csv
Volkswagen,Polo,2016,8,9495,Manual,28404,Diesel,0,83.1,1.4,vw.csv
Volkswagen,Polo,2016,8,9495,Manual,28404,Diesel,0,83.1,1.4,vw.csv
Volkswagen,Polo,2016,8,10298,Manual,23121,Diesel,0,60.1,1.4,vw.csv
Volkswagen,Polo,2015,9,8650,Manual,23723,Diesel,0,83.1,1.4,vw.csv
Volkswagen,Polo,2016,8,9698,Manual,22037,Diesel,0,83.1,1.4,vw.csv
Volkswagen,Polo,2017,7,9450,Manual,60000,Diesel,0,60.1,1.4,vw.csv
Volkswagen,Polo,2016,8,8495,Manual,37889,Diesel,0,83.1,1.4,vw.csv
Volkswagen,Polo,2017,7,9998,Manual,30687,Diesel,0,83.1,1.4,vw.csv
Volkswagen,Polo,2016,8,8895,Manual,50952,Diesel,0,83.1,1.4,vw.csv
Volkswagen,Polo,2016,8,8995,Manual,45371,Diesel,0,83.1,1.4,vw.csv
Volkswagen,Polo,2016,8,7950,Manual,48610,Diesel,0,83.1,1.4,vw.csv
Volkswagen,Polo,2017,7,9120,Manual,40916,Diesel,0,83.1,1.4,vw.csv
Volkswagen,Polo,2015,9,8500,Manual,44949,Diesel,0,83.1,1.4,vw.csv
Volkswagen,Polo,2017,7,9765,Manual,39913,Diesel,0,83.1,1.4,vw.csv
Volkswagen,Polo,2015,9,8500,Manual,44949,Diesel,0,83.1,1.4,vw.csv
Volkswagen,Polo,2015,9,8291,Manual,39462,Diesel,0,83.1,1.4,vw.csv
Volkswagen,Polo,2016,8,7491,Manual,70271,Diesel,0,83.1,1.4,vw.csv
Volkswagen,Polo,2016,8,9472,Manual,37083,Diesel,0,83.1,1.4,vw.csv
Volkswagen,Polo,2015,9,7991,Manual,44843,Diesel,0,83.1,1.4,vw.csv
Volkswagen,Polo,2017,7,8792,Manual,56238,Diesel,0,74.3,1.4,vw.csv
Volkswagen,Polo,2015,9,9295,Manual,26545,Diesel,0,83.1,1.4,vw.csv
Volkswagen,Polo,2015,9,8151,Manual,32239,Diesel,0,83.1,1.4,vw.csv
Volkswagen,Polo,2016,8,7440,Manual,56603,Diesel,0,83.1,1.4,vw.csv
Volkswagen,Polo,2016,8,8701,Manual,49501,Diesel,0,83.1,1.4,vw.csv
Volkswagen,Polo,2016,8,8790,Manual,39621,Diesel,0,83.1,1.4,vw.csv
Volkswagen,Polo,2017,7,11250,Manual,34007,Diesel,0,60.1,1.4,vw.csv
Volkswagen,Polo,2015,9,6000,Manual,69978,Diesel,0,83.1,1.4,vw.csv
Volkswagen,Polo,2016,8,9495,Manual,35265,Diesel,0,83.1,1.4,vw.csv
Volkswagen,Polo,2014,10,7491,Manual,52191,Diesel,0,83.1,1.4,vw.csv
Volkswagen,Polo,2016,8,9990,Manual,6734,Diesel,0,83.1,1.4,vw.csv
Volkswagen,Polo,2016,8,10990,Manual,8112,Diesel,0,83.1,1.4,vw.csv
Volkswagen,Polo,2016,8,10990,Manual,9642,Diesel,0,83.1,1.4,vw.csv
Volkswagen,Polo,2014,10,7390,Manual,42500,Diesel,0,60.1,1.4,vw.csv
Volkswagen,Polo,2016,8,9690,Manual,36000,Diesel,0,83.1,1.4,vw.csv
Volkswagen,Polo,2014,10,7995,Manual,28709,Diesel,0,83.1,1.4,vw.csv
Volkswagen,Polo,2016,8,9490,Manual,34000,Diesel,0,60.1,1.4,vw.csv
Volkswagen,Polo,2014,10,7289,Manual,24790,Diesel,0,83.1,1.4,vw.csv
Volkswagen,Polo,2016,8,8389,Manual,32216,Diesel,0,83.1,1.4,vw.csv
Volkswagen,Polo,2015,9,6500,Manual,77000,Diesel,0,83.1,1.4,vw.csv
Volkswagen,Polo,2016,8,9400,Manual,27150,Diesel,0,83.1,1.4,vw.csv
Volkswagen,Polo,2009,15,2995,Manual,89000,Diesel,0,72.4,1.4,vw.csv
Volkswagen,Polo,2016,8,9299,Manual,59604,Diesel,0,60.1,1.4,vw.csv
Volkswagen,Polo,2015,9,8399,Manual,43363,Diesel,0,60.1,1.4,vw.csv
Volkswagen,Polo,2014,10,8229,Manual,40736,Diesel,0,60.1,1.4,vw.csv
Volkswagen,Polo,2016,8,8400,Manual,33905,Diesel,0,83.1,1.4,vw.csv
Volkswagen,Polo,2015,9,9000,Manual,17498,Diesel,0,83.1,1.4,vw.csv
Volkswagen,Polo,2015,9,7500,Manual,38984,Diesel,0,83.1,1.4,vw.csv
Volkswagen,Polo,2016,8,9700,Manual,7717,Diesel,0,83.1,1.4,vw.csv
Volkswagen,Polo,2017,7,8700,Manual,33280,Diesel,0,83.1,1.4,vw.csv
Volkswagen,Golf SV,2015,9,12000,Manual,26000,Diesel,0,72.4,1.6,vw.csv
Volkswagen,Golf SV,2015,9,7998,Manual,75218,Diesel,0,72.4,1.6,vw.csv
Volkswagen,Golf SV,2016,8,9998,Manual,23985,Diesel,0,72.4,1.6,vw.csv
Volkswagen,Golf SV,2015,9,8800,Manual,38152,Diesel,0,72.4,1.6,vw.csv
Volkswagen,Golf SV,2016,8,8695,Manual,48766,Diesel,0,72.4,1.6,vw.csv
Volkswagen,Golf SV,2016,8,10420,Manual,18150,Diesel,0,72.4,1.6,vw.csv
Volkswagen,Golf SV,2016,8,10298,Manual,29441,Diesel,0,72.4,1.6,vw.csv
Volkswagen,Golf SV,2016,8,9898,Manual,29720,Diesel,0,72.4,1.6,vw.csv
Volkswagen,Golf SV,2016,8,9890,Manual,25722,Diesel,0,72.4,1.6,vw.csv
Volkswagen,Golf SV,2016,8,9000,Manual,51438,Diesel,0,72.4,1.6,vw.csv
Volkswagen,Golf SV,2016,8,10798,Manual,16107,Diesel,0,72.4,1.6,vw.csv
Volkswagen,Golf SV,2016,8,8999,Manual,51438,Diesel,0,72.4,1.6,vw.csv
Volkswagen,Golf SV,2016,8,9495,Manual,49148,Diesel,0,72.4,1.6,vw.csv
Volkswagen,Golf SV,2015,9,10495,Manual,25082,Diesel,0,72.4,1.6,vw.csv
Volkswagen,Golf SV,2016,8,8812,Manual,46021,Diesel,0,72.4,1.6,vw.csv
Volkswagen,Golf SV,2014,10,7551,Manual,58311,Diesel,0,72.4,1.6,vw.csv
Volkswagen,Golf SV,2015,9,9812,Manual,19662,Diesel,0,72.4,1.6,vw.csv
Volkswagen,Golf SV,2016,8,7797,Manual,57950,Diesel,0,72.4,1.6,vw.csv
Volkswagen,Golf SV,2015,9,9500,Manual,41500,Diesel,0,72.4,1.6,vw.csv
Volkswagen,Golf SV,2015,9,9290,Manual,29816,Diesel,0,72.4,1.6,vw.csv
Volkswagen,Golf SV,2015,9,9995,Manual,23501,Diesel,0,72.4,1.6,vw.csv
Volkswagen,Golf SV,2015,9,9390,Manual,20215,Diesel,0,72.4,1.6,vw.csv
Volkswagen,Golf SV,2015,9,9491,Manual,28252,Diesel,0,72.4,1.6,vw.csv
Volkswagen,Golf SV,2016,8,7999,Manual,50777,Diesel,0,72.4,1.6,vw.csv
Volkswagen,Golf SV,2016,8,7999,Manual,50777,Diesel,0,72.4,1.6,vw.csv
Volkswagen,Golf SV,2016,8,10550,Manual,16739,Diesel,0,72.4,1.6,vw.csv
Volkswagen,Golf SV,2015,9,8950,Manual,45000,Diesel,0,72.4,1.6,vw.csv
Volkswagen,Golf SV,2015,9,9695,Manual,21151,Diesel,0,72.4,1.6,vw.csv
Volkswagen,Golf SV,2014,10,8650,Manual,32535,Diesel,0,72.4,1.6,vw.csv
Volkswagen,Golf SV,2017,7,7995,Manual,71600,Diesel,0,72.4,1.6,vw.csv
